-- MariaDB dump 10.19  Distrib 10.9.4-MariaDB, for debian-linux-gnu (x86_64)
--
-- Host: localhost    Database: librossilvestres
-- ------------------------------------------------------
-- Server version	10.9.4-MariaDB-1:10.9.4+maria~ubu2204

/*!40101 SET @OLD_CHARACTER_SET_CLIENT=@@CHARACTER_SET_CLIENT */;
/*!40101 SET @OLD_CHARACTER_SET_RESULTS=@@CHARACTER_SET_RESULTS */;
/*!40101 SET @OLD_COLLATION_CONNECTION=@@COLLATION_CONNECTION */;
/*!40101 SET NAMES utf8mb4 */;
/*!40103 SET @OLD_TIME_ZONE=@@TIME_ZONE */;
/*!40103 SET TIME_ZONE='+00:00' */;
/*!40014 SET @OLD_UNIQUE_CHECKS=@@UNIQUE_CHECKS, UNIQUE_CHECKS=0 */;
/*!40014 SET @OLD_FOREIGN_KEY_CHECKS=@@FOREIGN_KEY_CHECKS, FOREIGN_KEY_CHECKS=0 */;
/*!40101 SET @OLD_SQL_MODE=@@SQL_MODE, SQL_MODE='NO_AUTO_VALUE_ON_ZERO' */;
/*!40111 SET @OLD_SQL_NOTES=@@SQL_NOTES, SQL_NOTES=0 */;

--
-- Table structure for table `clientes`
--
--CREATE USER 'test_user'@'%' IDENTIFIED BY 'test_pass';
--GRANT ALL PRIVILEGES ON *.* TO 'test_user'@'%' WITH GRANT OPTION;
CREATE USER 'teti'@'%' IDENTIFIED BY 'Lautaro123.';
GRANT ALL PRIVILEGES ON *.* TO 'teti'@'%' WITH GRANT OPTION;

DROP DATABASE IF EXISTS epublit_test;
CREATE DATABASE IF NOT EXISTS epublit_test;
USE epublit_test;

DROP TABLE IF EXISTS `clientes`;
/*!40101 SET @saved_cs_client     = @@character_set_client */;
/*!40101 SET character_set_client = utf8 */;
CREATE TABLE `clientes` (
  `id` int(11) NOT NULL AUTO_INCREMENT,
  `nombre` varchar(60) NOT NULL,
  `email` varchar(60) DEFAULT '',
  `cuit` varchar(15) DEFAULT NULL,
  `cond_fiscal` varchar(50) NOT NULL,
  `razon_social` varchar(255) NOT NULL,
  `domicilio` varchar(100) NOT NULL,
  `tipo` enum('inscripto','particular','negro') DEFAULT NULL,
  `user` int(11) NOT NULL,
  PRIMARY KEY (`id`),
  KEY `user` (`user`),
  CONSTRAINT `clientes_ibfk_1` FOREIGN KEY (`user`) REFERENCES `users` (`id`)
) ENGINE=InnoDB AUTO_INCREMENT=216 DEFAULT CHARSET=utf8mb4 COLLATE=utf8mb4_general_ci;
/*!40101 SET character_set_client = @saved_cs_client */;

--
-- Dumping data for table `clientes`
--

LOCK TABLES `clientes` WRITE;
/*!40000 ALTER TABLE `clientes` DISABLE KEYS */;
INSERT INTO `clientes` VALUES
(1,'CONSUMIDOR FINAL','',NULL,'CONSUMIDOR FINAL','CONSUMIDOR FINAL','','particular',1),
(28,'Lautaro Teta Musa','lautarotetamusa@gmail.com','20434919798','','LAUTARO TETA MUSA','URQUIZA 1159 Piso:4 Dpto:4 - ROSARIO NORTE SANTA FE','inscripto',1),
(42,'nuevo nombre','clientetest@gmail.com','30710712758',' - ','AGRONASAJA SRL',' - ','inscripto',1),
(56,'Test nro 2','test@gmail.com','1111111111',' - ','BIO.MI. S.A.',' - ','inscripto',1),
(58,'Test nro 2','test@gmail.com','12345',' - ','BIO.MI. S.A.',' - ','inscripto',1),
(82,'NEGRO','',NULL,'','','','negro',1),
(85,'Compañia numero 2','hola@gmail.com','30710814305',' - ','AGROVETERINARIA PILAR SRL','ZONA RURAL 0 - PILAR SANTA FE','inscripto',1),
(88,'ANASHE','anashe@gmail.com','30710712758',' - ','AGRONASAJA SRL','R.E. DE SAN MARTIN 88 - CHACABUCO BUENOS AIRES','inscripto',1),
(92,'Cliente de prueba','','30710972458',' - ','VIVEROS SAN FRANCISCO S.R.L.','JUNCAL 1966 Piso:4 Dpto:C - CAPITAL FEDERAL CIUDAD AUTONOMA BUENOS AIRES','inscripto',1),
(93,'Manuel Krivoy','','20438409247',' - ','MANUEL KRIVOY','CATAMARCA 1124 Piso:10 Dpto:B - ROSARIO NORTE SANTA FE','inscripto',1),
(111,'niga','','30714760056',' - ','AGRO SPECIALITIES S.A.','132 3010 - COLONIA CAROYA CORDOBA','inscripto',1),
(119,'niga','','30709354082',' - ','EL GRAN HERMANO',' - ','inscripto',1),
(177,'banco','','33999181819',' - ','BANCO MUNICIPAL DE ROSARIO','SAN MARTIN 730 - ROSARIO NORTE','inscripto',1),
(178,'bancoo','','33500005179',' - ','BANCO SUPERVIELLE SOCIEDAD ANONIMA','RECONQUISTA 330 - undefined','inscripto',1),
(179,'bancoo','','33500005179',' - ','BANCO SUPERVIELLE SOCIEDAD ANONIMA','RECONQUISTA 330 - undefined','inscripto',23),
(180,'agrosanja test','','30710712758',' - ','AGRONASAJA SRL','R.E. DE SAN MARTIN 88 - CHACABUCO','inscripto',23);
/*!40000 ALTER TABLE `clientes` ENABLE KEYS */;
UNLOCK TABLES;

--
-- Table structure for table `libro_cliente`
--

DROP TABLE IF EXISTS `libro_cliente`;
/*!40101 SET @saved_cs_client     = @@character_set_client */;
/*!40101 SET character_set_client = utf8 */;
CREATE TABLE `libro_cliente` (
  `id_cliente` int(11) NOT NULL,
  `isbn` varchar(13) NOT NULL,
  `stock` int(11) NOT NULL,
  `id_libro` int(11) NOT NULL,
  `precio` float NOT NULL,
  PRIMARY KEY (`id_libro`,`id_cliente`),
  KEY `id_cliente` (`id_cliente`),
  CONSTRAINT `libro_cliente_ibfk_2` FOREIGN KEY (`id_cliente`) REFERENCES `clientes` (`id`),
  CONSTRAINT `libro_cliente_ibfk_3` FOREIGN KEY (`id_libro`) REFERENCES `libros` (`id_libro`)
) ENGINE=InnoDB DEFAULT CHARSET=utf8mb4 COLLATE=utf8mb4_general_ci;
/*!40101 SET character_set_client = @saved_cs_client */;

--
-- Dumping data for table `libro_cliente`
--

LOCK TABLES `libro_cliente` WRITE;
/*!40000 ALTER TABLE `libro_cliente` DISABLE KEYS */;
INSERT INTO `libro_cliente` VALUES
(42,'11111112',0,5,27600),
(42,'11111115',0,7,27500),
(42,'11111116',0,8,51),
(42,'11111118',15,10,27500),
(42,'3921949219',1,13,2500),
(28,'9789784765178',12,15,2750),
(88,'9789784765178',4,15,2600),
(42,'9789874201096',1,17,600),
(42,'9789874864673',16,56,2500),
(42,'9789874869992',40,127,7),
(42,'123',1,131,100);
/*!40000 ALTER TABLE `libro_cliente` ENABLE KEYS */;
UNLOCK TABLES;

--
-- Table structure for table `libros`
--

DROP TABLE IF EXISTS `libros`;
/*!40101 SET @saved_cs_client     = @@character_set_client */;
/*!40101 SET character_set_client = utf8 */;
CREATE TABLE `libros` (
  `isbn` varchar(13) NOT NULL,
  `titulo` varchar(60) NOT NULL,
  `fecha_edicion` date NOT NULL,
  `precio` float NOT NULL,
  `stock` int(11) DEFAULT 0,
  `is_deleted` tinyint(1) DEFAULT 0,
  `user` int(11) NOT NULL,
  `id_libro` int(11) NOT NULL AUTO_INCREMENT,
  PRIMARY KEY (`id_libro`),
  KEY `user` (`user`),
  KEY `isbn` (`isbn`,`user`),
  CONSTRAINT `libros_ibfk_1` FOREIGN KEY (`user`) REFERENCES `users` (`id`)
) ENGINE=InnoDB AUTO_INCREMENT=133 DEFAULT CHARSET=utf8mb4 COLLATE=utf8mb4_general_ci;
/*!40101 SET character_set_client = @saved_cs_client */;

--
-- Dumping data for table `libros`
--

LOCK TABLES `libros` WRITE;
/*!40000 ALTER TABLE `libros` DISABLE KEYS */;
INSERT INTO `libros` VALUES
('11111111','TEST','2023-06-07',2500,1,0,1,2),
('1111111111','Caserio','2020-02-17',2500,0,0,1,4),
('11111112','TEST','2023-06-07',27600,0,0,1,5),
('11111113','TEST','2023-06-07',2500,0,0,1,6),
('11111115','TEST','2023-06-07',27500,0,0,1,7),
('11111116','TEST','2023-06-07',51,250,0,1,8),
('11111117','TEST','2023-06-07',2500,0,0,1,9),
('11111118','TEST','2023-06-07',27500,0,0,1,10),
('192381231','hola','2023-08-01',0,0,0,1,11),
('2381823','','2016-06-08',5000,50,0,1,12),
('3921949219','Caserio','2020-02-17',2500,NULL,0,1,13),
('521321','aaaa','2023-08-09',0,0,0,1,14),
('9789784765178','Rio de sueño','2023-08-03',2600,0,0,1,15),
('9789873397899','¿Qué es? ¿Dónde está? Oriato','2016-08-15',10,0,0,1,16),
('9789874201096','El Carromato filarmónico','2016-07-15',600,202,0,1,17),
('9789874222992','Canción para gorilas','2016-12-15',0,0,0,1,18),
('9789874245106','¿Qué es? ¿Dónde está? Rosenberg','2016-12-15',0,0,0,1,19),
('9789874245113','¿Qué es? ¿Dónde está? Zeta','2017-02-15',0,0,0,1,20),
('9789874659309','Los Raros','2017-08-15',0,0,0,1,21),
('9789874659313','Latitas','2017-08-01',0,0,0,1,22),
('9789874659323','¿Qué es? ¿Dónde está?  Greiner','2017-09-01',0,0,0,1,23),
('9789874659347','¿Qué es la poesía?','2018-04-01',0,0,0,1,24),
('9789874659361','Cabeza de flor','2016-07-15',0,0,0,1,25),
('9789874659378','Paren de pisar a ese gato','2016-02-15',0,0,0,1,26),
('9789874659385','Caserío','2014-07-01',0,0,0,1,27),
('9789874659392','Alimañas en la casa nueva','2018-12-15',0,0,0,1,28),
('9789874704108','Lobo','2018-12-15',0,0,0,1,29),
('9789874704115','¿Qué es? ¿Dónde está?  Nakatsuka','2018-08-01',0,0,0,1,30),
('9789874704122','Gato enojado no caza ratones','2019-07-15',0,0,0,1,31),
('9789874704139','MALDELMEIL','2020-09-01',0,0,0,1,32),
('9789874704146','Gerarda, la mutante','2019-06-15',0,0,0,1,33),
('9789874704153','Platillos volantes','2019-08-01',0,0,0,1,34),
('9789874704160','El Amarillo','2020-09-15',0,0,0,1,35),
('9789874704177','Los Raros VOL II','2020-05-15',0,0,0,1,36),
('9789874704184','Fábrica de escalofríos','2021-04-01',0,0,0,1,37),
('9789874704191','Bajo una nube azul','2021-03-01',0,0,0,1,38),
('9789874765109','Cuentos rayados','2021-05-15',0,0,0,1,39),
('9789874765116','Los Tunos, los Tarkos y los Tercos','2020-09-15',0,0,0,1,40),
('9789874765130','Bajó un pajarito rojo','2018-07-01',0,0,0,1,41),
('9789874765147','Monte','2020-09-21',0,0,0,1,42),
('9789874765161','Canciones faunas','2021-02-15',0,0,0,1,43),
('9789874765192','Una vida casi redonda','2021-05-15',0,0,0,1,44),
('9789874798107','El Señor López','2021-04-01',0,0,0,1,45),
('9789874798138','Mi gato interior','2021-09-15',0,0,0,1,46),
('9789874798152','Una máquina de hacer tonterías','2021-08-15',0,0,0,1,47),
('9789874798169','Breviario','2022-01-15',0,0,0,1,48),
('9789874798176','Jotolepo Frukachú - La evidencia extraterrestre','2021-10-01',0,0,0,1,49),
('9789874798183','Dama de corazones','2022-01-15',0,0,0,1,50),
('9789874798190','Circo','2022-03-01',0,0,0,1,51),
('9789874864604','Niño Escafandra','2022-07-01',0,0,0,1,52),
('9789874864628','Diccionario enciclopédico de las cosas que nos gustan','2022-09-15',0,0,0,1,53),
('9789874864635','El señor Waldemar','2023-01-12',0,0,0,1,54),
('9789874864642','Los gatos de la luna','2022-11-30',0,0,0,1,55),
('9789874864673','Rio de sueño','2023-08-03',2500,234,0,1,56),
('9789874864674','Rio de sueño','2023-08-03',2500,250,0,1,57),
('9789874864675','Rio de sueño','2023-08-03',2500,250,0,1,58),
('9789874864676','Rio de sueño','2023-08-03',2500,250,0,1,59),
('9789874864677','Rio de sueño','2023-08-03',2500,250,0,1,60),
('9789874864678','Rio de sueño','2023-08-03',2500,250,0,1,61),
('9789874864679','Rio de sueño','2023-08-03',2500,250,0,1,62),
('9789874864680','Rio de sueño','2023-08-03',2500,250,0,1,63),
('9789874864681','Rio de sueño','2023-08-03',2500,250,0,1,64),
('9789874864682','Rio de sueño','2023-08-03',2500,250,0,1,65),
('9789874864683','Rio de sueño','2023-08-03',2500,250,0,1,66),
('9991114444','test','2003-06-14',15000,50,0,1,67),
('99999991','TEST','2023-06-07',2500,1,0,1,68),
('99999992','TEST','2023-06-07',2500,1,0,1,69),
('99999993','TEST','2023-06-07',2500,1,0,1,70),
('99999994','TEST','2023-06-07',2500,1,0,1,71),
('99999995','TEST','2023-06-07',2500,1,0,1,72),
('99999996','TEST','2023-06-07',2500,1,0,1,73),
('99999997','TEST','2023-06-07',2500,1,0,1,74),
('99999999','TEST','2023-06-07',2500,1,0,1,75),
('9789874864686','Rio de sueño','2023-08-02',2500,250,0,1,76),
('9789874864686','Rio de sueño','2023-08-02',2500,250,0,1,77),
('9789874864687','Rio de sueño','2023-08-02',2500,250,0,1,78),
('9789874864689','Rio de sueño','2023-08-02',2500,250,0,1,79),
('9789874869999','Rio de sueño','2023-08-02',2500,250,0,1,84),
('9789874869998','Rio de sueño','2023-08-02',2500,250,0,1,85),
('9789874869997','Rio de sueño','2023-08-02',2500,250,0,1,86),
('9789874869996','Rio de sueño','2023-08-02',2500,250,0,1,87),
('9789874869995','Rio de sueño','2023-08-02',2500,250,0,1,88),
('9789874869994','Rio de sueño','2023-08-02',2500,250,0,1,89),
('9789874869993','Rio de sueño','2023-08-02',2500,250,0,1,90),
('9789874869992','Rio de sueño','2023-08-02',2500,226,0,1,101),
('9789874869992','Rio de sueño','2023-08-02',7,250,0,23,127),
('123','testing','2023-08-02',100,249,0,23,131),
('111111111','Test','2020-02-16',11100,0,1,1,132);
/*!40000 ALTER TABLE `libros` ENABLE KEYS */;
UNLOCK TABLES;

--
-- Table structure for table `libros_personas`
--

DROP TABLE IF EXISTS `libros_personas`;
/*!40101 SET @saved_cs_client     = @@character_set_client */;
/*!40101 SET character_set_client = utf8 */;
CREATE TABLE `libros_personas` (
  `isbn` varchar(13) NOT NULL,
  `id_persona` int(11) NOT NULL,
  `porcentaje` float DEFAULT 0,
  `tipo` enum('autor','ilustrador') NOT NULL,
  `id_libro` int(11) NOT NULL,
  PRIMARY KEY (`id_libro`,`id_persona`,`tipo`),
  KEY `id_persona` (`id_persona`),
  CONSTRAINT `libros_personas_ibfk_1` FOREIGN KEY (`id_persona`) REFERENCES `personas` (`id`),
  CONSTRAINT `libros_personas_ibfk_2` FOREIGN KEY (`id_libro`) REFERENCES `libros` (`id_libro`)
) ENGINE=InnoDB DEFAULT CHARSET=utf8mb4 COLLATE=utf8mb4_general_ci;
/*!40101 SET character_set_client = @saved_cs_client */;

--
-- Dumping data for table `libros_personas`
--

LOCK TABLES `libros_personas` WRITE;
/*!40000 ALTER TABLE `libros_personas` DISABLE KEYS */;
INSERT INTO `libros_personas` VALUES
('11111111',697,10,'autor',2),
('11111111',757,25,'ilustrador',2),
('11111111',763,10,'autor',2),
('11111111',764,10,'ilustrador',2),
('1111111111',762,20,'autor',4),
('1111111111',954,20,'ilustrador',4),
('11111112',757,25,'ilustrador',5),
('11111112',765,10,'autor',5),
('11111112',766,10,'ilustrador',5),
('11111113',757,25,'ilustrador',6),
('11111113',773,10,'autor',6),
('11111113',774,10,'ilustrador',6),
('11111115',757,25,'ilustrador',7),
('11111115',776,10,'autor',7),
('11111116',757,25,'ilustrador',8),
('11111117',697,10,'autor',9),
('11111117',757,25,'ilustrador',9),
('11111118',757,25,'ilustrador',10),
('11111118',783,10,'autor',10),
('11111118',784,10,'ilustrador',10),
('2381823',701,23,'ilustrador',12),
('2381823',709,20,'autor',12),
('3921949219',697,20,'autor',13),
('3921949219',762,20,'autor',13),
('521321',992,0,'autor',14),
('9789784765178',697,10,'ilustrador',15),
('9789784765178',699,30,'autor',15),
('9789873397899',697,0,'autor',16),
('9789873397899',697,0,'ilustrador',16),
('9789874201096',698,0,'autor',17),
('9789874201096',700,0,'ilustrador',17),
('9789874222992',734,0,'autor',18),
('9789874222992',748,0,'ilustrador',18),
('9789874245106',697,0,'autor',19),
('9789874245106',697,22,'ilustrador',19),
('9789874245106',698,0,'autor',19),
('9789874245106',740,0,'autor',19),
('9789874245106',740,0,'ilustrador',19),
('9789874245113',749,0,'autor',20),
('9789874245113',749,0,'ilustrador',20),
('9789874659309',721,0,'ilustrador',21),
('9789874659309',754,0,'autor',21),
('9789874659313',712,0,'autor',22),
('9789874659313',745,0,'ilustrador',22),
('9789874659323',733,0,'autor',23),
('9789874659323',733,0,'ilustrador',23),
('9789874659347',702,0,'autor',24),
('9789874659347',727,0,'ilustrador',24),
('9789874659361',700,0,'ilustrador',25),
('9789874659361',701,0,'autor',25),
('9789874659378',740,0,'ilustrador',26),
('9789874659378',750,0,'autor',26),
('9789874659385',697,0,'autor',27),
('9789874659385',697,0,'ilustrador',27),
('9789874659392',735,0,'ilustrador',28),
('9789874659392',750,0,'autor',28),
('9789874704108',740,0,'ilustrador',29),
('9789874704108',751,0,'autor',29),
('9789874704115',707,0,'autor',30),
('9789874704115',707,0,'ilustrador',30),
('9789874704122',724,0,'autor',31),
('9789874704122',736,0,'ilustrador',31),
('9789874704139',726,0,'autor',32),
('9789874704139',729,0,'ilustrador',32),
('9789874704146',737,0,'ilustrador',33),
('9789874704146',743,0,'autor',33),
('9789874704153',699,0,'autor',34),
('9789874704153',747,0,'ilustrador',34),
('9789874704160',701,0,'autor',35),
('9789874704160',722,0,'ilustrador',35),
('9789874704177',721,0,'ilustrador',36),
('9789874704177',754,0,'autor',36),
('9789874704184',729,0,'ilustrador',37),
('9789874704184',753,0,'autor',37),
('9789874704191',715,0,'ilustrador',38),
('9789874704191',744,0,'autor',38),
('9789874765109',705,0,'ilustrador',39),
('9789874765109',724,0,'autor',39),
('9789874765116',717,0,'autor',40),
('9789874765116',748,0,'ilustrador',40),
('9789874765130',707,0,'ilustrador',41),
('9789874765130',719,0,'autor',41),
('9789874765147',727,0,'ilustrador',42),
('9789874765147',739,0,'autor',42),
('9789874765161',716,0,'autor',43),
('9789874765161',749,0,'ilustrador',43),
('9789874765192',703,0,'autor',44),
('9789874765192',730,0,'ilustrador',44),
('9789874798107',708,0,'autor',45),
('9789874798107',711,0,'ilustrador',45),
('9789874798107',714,0,'autor',45),
('9789874798138',706,0,'ilustrador',46),
('9789874798138',741,0,'autor',46),
('9789874798152',735,0,'ilustrador',47),
('9789874798152',746,0,'autor',47),
('9789874798169',723,0,'ilustrador',48),
('9789874798169',738,0,'autor',48),
('9789874798176',732,0,'autor',49),
('9789874798176',742,0,'ilustrador',49),
('9789874798183',731,0,'autor',50),
('9789874798183',745,0,'ilustrador',50),
('9789874798190',715,0,'ilustrador',51),
('9789874798190',718,0,'autor',51),
('9789874864628',713,0,'autor',53),
('9789874864628',720,0,'ilustrador',53),
('9789874864635',709,0,'ilustrador',54),
('9789874864635',753,0,'autor',54),
('9789874864642',704,0,'ilustrador',55),
('9789874864642',728,0,'autor',55),
('9789874864674',998,0,'autor',57),
('9789874864674',999,0,'ilustrador',57),
('9789874864676',697,0,'autor',59),
('9789874864676',1002,0,'ilustrador',59),
('9789874864677',697,0,'autor',60),
('9789874864677',1011,0,'ilustrador',60),
('9789874864682',697,0,'autor',65),
('9789874864682',1025,0,'ilustrador',65),
('9789874864683',697,0,'autor',66),
('9789874864683',1027,0,'ilustrador',66),
('99999994',757,25,'autor',71),
('99999994',757,25,'ilustrador',71),
('99999995',757,25,'ilustrador',72),
('99999996',757,25,'ilustrador',73),
('99999996',758,10,'autor',73),
('99999997',757,25,'ilustrador',74),
('99999997',760,10,'autor',74),
('99999997',761,10,'ilustrador',74),
('9789874869992',697,0,'autor',101),
('9789874869992',1039,0,'ilustrador',101),
('9789874869992',1108,0,'autor',127),
('123',1108,0,'autor',131);
/*!40000 ALTER TABLE `libros_personas` ENABLE KEYS */;
UNLOCK TABLES;

--
-- Table structure for table `libros_transacciones`
--

DROP TABLE IF EXISTS `libros_transacciones`;
/*!40101 SET @saved_cs_client     = @@character_set_client */;
/*!40101 SET character_set_client = utf8 */;
CREATE TABLE `libros_transacciones` (
  `id_transaccion` int(11) NOT NULL,
  `id_libro` int(11) NOT NULL,
  `cantidad` int(11) NOT NULL,
  `precio` float NOT NULL DEFAULT 0,
  PRIMARY KEY (`id_libro`,`id_transaccion`),
  KEY `id_transaccion` (`id_transaccion`),
  CONSTRAINT `libros_transacciones_ibfk_1` FOREIGN KEY (`id_transaccion`) REFERENCES `transacciones` (`id`),
  CONSTRAINT `libros_transacciones_ibfk_2` FOREIGN KEY (`id_libro`) REFERENCES `libros` (`id_libro`),
  CONSTRAINT `CONSTRAINT_2` CHECK (`cantidad` > 0),
  CONSTRAINT `CONSTRAINT_1` CHECK (`precio` >= 0)
) ENGINE=InnoDB DEFAULT CHARSET=utf8mb4 COLLATE=utf8mb4_general_ci;
/*!40101 SET character_set_client = @saved_cs_client */;

--
-- Dumping data for table `libros_transacciones`
--

LOCK TABLES `libros_transacciones` WRITE;
/*!40000 ALTER TABLE `libros_transacciones` DISABLE KEYS */;
INSERT INTO `libros_transacciones` VALUES
(258,5,3,0),
(444,5,3,2600),
(445,5,3,2600),
(495,5,3,5600),
(498,5,3,7600),
(505,5,3,12600),
(507,5,3,13600),
(510,5,3,15600),
(514,5,3,18600),
(516,5,3,19600),
(519,5,3,21600),
(522,5,3,23600),
(576,5,1,24600),
(577,5,1,24600),
(578,5,1,24600),
(614,5,3,25600),
(621,5,3,25600),
(625,5,3,26600),
(626,5,6,26600),
(627,5,3,27600),
(258,7,3,0),
(495,7,3,5500),
(498,7,3,7500),
(505,7,3,12500),
(507,7,3,13500),
(510,7,3,15500),
(514,7,3,18500),
(516,7,3,19500),
(519,7,3,21500),
(522,7,3,23500),
(614,7,3,25500),
(621,7,3,25500),
(625,7,3,26500),
(626,7,6,26500),
(627,7,3,27500),
(579,8,1,2500),
(258,10,3,0),
(495,10,3,5500),
(498,10,3,7500),
(505,10,3,12500),
(507,10,3,13500),
(510,10,3,15500),
(514,10,3,18500),
(516,10,3,19500),
(519,10,3,21500),
(522,10,3,23500),
(580,10,1,24500),
(614,10,3,25500),
(621,10,3,25500),
(625,10,3,26500),
(626,10,5,26500),
(627,10,3,27500),
(264,15,2,0),
(265,15,3,0),
(266,15,1,0),
(268,15,4,0),
(269,15,3,0),
(270,15,3,0),
(271,15,3,0),
(272,15,3,0),
(273,15,3,0),
(274,15,3,0),
(275,15,3,0),
(276,15,3,0),
(277,15,3,0),
(278,15,3,0),
(279,15,3,0),
(280,15,3,0),
(281,15,3,0),
(294,15,8,2750),
(295,15,8,2750),
(296,15,3,2750),
(297,15,3,2750),
(298,15,3,2750),
(299,15,8,2750),
(300,15,8,2750),
(301,15,8,2750),
(302,15,66,2750),
(303,15,40,2750),
(304,15,3,2750),
(309,15,8,2750),
(310,15,3,2750),
(311,15,3,2750),
(312,15,3,2750),
(313,15,3,2750),
(314,15,3,2750),
(315,15,3,2750),
(316,15,3,2750),
(317,15,3,2750),
(318,15,8,2750),
(319,15,8,2750),
(320,15,3,2750),
(321,15,66,2750),
(322,15,66,2750),
(323,15,66,2750),
(324,15,66,2750),
(325,15,66,2750),
(326,15,66,2750),
(328,15,34,2750),
(330,15,3,2750),
(331,15,40,2750),
(332,15,8,2750),
(334,15,4,2750),
(335,15,4,2750),
(363,15,3,2750),
(364,15,3,2750),
(365,15,3,2750),
(366,15,3,2750),
(367,15,3,2750),
(368,15,3,2750),
(392,15,3,2750),
(394,15,3,2750),
(395,15,3,2504),
(427,15,3,2600),
(428,15,3,2600),
(429,15,3,2600),
(430,15,3,2600),
(431,15,3,2600),
(613,17,3,500),
(446,56,1,2500),
(447,56,1,2500),
(448,56,1,2500),
(449,56,1,2500),
(450,56,1,2500),
(451,56,1,2500),
(452,56,1,2500),
(453,56,1,2500),
(454,56,1,2500),
(455,56,1,2500),
(456,56,1,2500),
(457,56,1,2500),
(458,56,1,2500),
(459,56,1,2500),
(467,56,1,2500),
(468,56,1,2500),
(443,101,3,2500),
(466,101,3,2500),
(469,101,3,2500),
(476,101,3,2500),
(477,101,3,2500),
(478,101,3,2500),
(479,101,3,2500),
(435,127,3,2500),
(436,127,3,1),
(437,127,3,1),
(440,127,3,1),
(441,127,3,1),
(442,127,3,1),
(484,127,1,1),
(566,127,1,1),
(567,127,1,1),
(568,127,1,1),
(570,127,1,1),
(571,127,20,10),
(572,127,1,1),
(573,127,20,10),
(574,127,1,10),
(575,131,1,100);
/*!40000 ALTER TABLE `libros_transacciones` ENABLE KEYS */;
UNLOCK TABLES;

--
-- Table structure for table `mysql_migrations_347ertt3e`
--

DROP TABLE IF EXISTS `mysql_migrations_347ertt3e`;
/*!40101 SET @saved_cs_client     = @@character_set_client */;
/*!40101 SET character_set_client = utf8 */;
CREATE TABLE `mysql_migrations_347ertt3e` (
  `timestamp` varchar(254) NOT NULL,
  UNIQUE KEY `timestamp` (`timestamp`)
) ENGINE=InnoDB DEFAULT CHARSET=utf8mb4 COLLATE=utf8mb4_general_ci;
/*!40101 SET character_set_client = @saved_cs_client */;

--
-- Dumping data for table `mysql_migrations_347ertt3e`
--

LOCK TABLES `mysql_migrations_347ertt3e` WRITE;
/*!40000 ALTER TABLE `mysql_migrations_347ertt3e` DISABLE KEYS */;
INSERT INTO `mysql_migrations_347ertt3e` VALUES
('1714676128117'),
('1714705081875'),
('1714706540460');
/*!40000 ALTER TABLE `mysql_migrations_347ertt3e` ENABLE KEYS */;
UNLOCK TABLES;

--
-- Table structure for table `personas`
--

DROP TABLE IF EXISTS `personas`;
/*!40101 SET @saved_cs_client     = @@character_set_client */;
/*!40101 SET character_set_client = utf8 */;
CREATE TABLE `personas` (
  `id` int(11) NOT NULL AUTO_INCREMENT,
  `dni` varchar(8) NOT NULL,
  `nombre` varchar(60) NOT NULL,
  `email` varchar(60) DEFAULT '',
  `is_deleted` tinyint(1) DEFAULT 0,
  `user` int(11) NOT NULL,
  PRIMARY KEY (`id`),
  KEY `user` (`user`),
  CONSTRAINT `personas_ibfk_1` FOREIGN KEY (`user`) REFERENCES `users` (`id`)
) ENGINE=InnoDB AUTO_INCREMENT=1119 DEFAULT CHARSET=utf8mb4 COLLATE=utf8mb4_general_ci;
/*!40101 SET character_set_client = @saved_cs_client */;

--
-- Dumping data for table `personas`
--

LOCK TABLES `personas` WRITE;
/*!40000 ALTER TABLE `personas` DISABLE KEYS */;
INSERT INTO `personas` VALUES
(697,'1','Laura Oriato 2',NULL,0,1),
(698,'2','Daniel Moyano',NULL,0,1),
(699,'3','Diego Colomba',NULL,0,1),
(700,'4','Laura Klatt',NULL,0,1),
(701,'5','Carolina Musa',NULL,0,1),
(702,'6','Lisandro González',NULL,0,1),
(703,'7','Agostina Iuorno',NULL,0,1),
(704,'8','Lorena Méndez',NULL,0,1),
(705,'9','Miguel Mazza',NULL,0,1),
(706,'10','Hernán Camoletto',NULL,0,1),
(707,'11','Alicia Nakatsuka',NULL,0,1),
(708,'12','Maia Morosano',NULL,0,1),
(709,'13','María José de Tellería',NULL,0,1),
(710,'14','Flopa',NULL,0,1),
(711,'15','Paula Scaglione',NULL,0,1),
(712,'16','Federico Tinivella',NULL,0,1),
(713,'17','AAVV',NULL,0,1),
(714,'18','Martín Tranier',NULL,0,1),
(715,'19','Lali Ruggeri',NULL,0,1),
(716,'20','Analía Giordanino',NULL,0,1),
(717,'21','Laura Rossi',NULL,0,1),
(718,'22','Rafael Urretabizkaya',NULL,0,1),
(719,'23','Enrique Banchs',NULL,0,1),
(720,'24','Manuela Colomba',NULL,0,1),
(721,'25','Gonzalo Rimoldi',NULL,0,1),
(722,'26','Rouse de Zavaleta',NULL,0,1),
(723,'27','Max Cachimba',NULL,0,1),
(724,'28','Laura Vilche',NULL,0,1),
(725,'29','Virginia Luco',NULL,0,1),
(726,'30','David Wapner',NULL,0,1),
(727,'31','María Victoria Rodríguez',NULL,0,1),
(728,'32','Cecilia Moscovich',NULL,0,1),
(729,'33','Tati Babini',NULL,0,1),
(730,'34','Claudio Bonarrigo',NULL,0,1),
(731,'35','Luisa Futoransky',NULL,0,1),
(732,'36','Maricel Palomeque',NULL,0,1),
(733,'37','Martha Greiner',NULL,0,1),
(734,'38','Nicolás Doffo',NULL,0,1),
(735,'39','Pilar Moreno',NULL,0,1),
(736,'40','Josefina Preumayr',NULL,0,1),
(737,'41','Diego Rolle',NULL,0,1),
(738,'42','Silvina Rocha',NULL,0,1),
(739,'43','Ciro Korol',NULL,0,1),
(740,'44','Cris Rosenberg',NULL,0,1),
(741,'45','Beatriz Vignoli',NULL,0,1),
(742,'46','Ozkar',NULL,0,1),
(743,'47','Cristian Molina',NULL,0,1),
(744,'48','Nancy Bacelo',NULL,0,1),
(745,'49','Paula Schenone',NULL,0,1),
(746,'50','Gonzalo Ruzafa',NULL,0,1),
(747,'51','Meli Lovera',NULL,0,1),
(748,'52','Malén Lecuona',NULL,0,1),
(749,'53','María Zeta',NULL,0,1),
(750,'54','Verónica Laurino',NULL,0,1),
(751,'55','Lila Gianelloni',NULL,0,1),
(752,'56','Virginia Giacosa',NULL,0,1),
(753,'57','Horacio Cavallo',NULL,0,1),
(754,'58','Marcelo Ajubita',NULL,0,1),
(755,'99','teton',NULL,0,1),
(756,'100','teton',NULL,0,1),
(757,'103','Tetas','lautaro@gmail.com',0,1),
(758,'111452','TEST','',0,1),
(759,'111453','TEST','',0,1),
(760,'111455','TEST','',0,1),
(761,'2','lauti','test@gmail.com',1,1),
(762,'9999999','lauti','test5@gmail.com',0,1),
(763,'111458','TEST','',0,1),
(764,'111457','TEST','',0,1),
(765,'112458','TEST','',0,1),
(766,'112457','TEST','',0,1),
(770,'1124584','TEST','',0,1),
(771,'1124585','TEST','',0,1),
(772,'1124213','TEST','',0,1),
(773,'3290139','TEST','',0,1),
(774,'5909123','TEST','',0,1),
(775,'3290140','TEST','',0,1),
(776,'12421345','TEST','',0,1),
(777,'5932133','TEST','',0,1),
(778,'12421346','TEST','',0,1),
(779,'12421347','TEST','',0,1),
(780,'5932134','TEST','',0,1),
(781,'12421348','TEST','',0,1),
(782,'5932135','TEST','',0,1),
(783,'39021382','TEST','',0,1),
(784,'3921884','TEST','',0,1),
(859,'1','pepito','',0,1),
(860,'1','pepito','',0,1),
(861,'1','pepito','',0,1),
(888,'9999','lauti','',0,1),
(889,'99999','lauti','lauto@gmail.copm',0,1),
(890,'999999','lautarin','aa',0,1),
(954,'39019200','juancito','',0,1),
(973,'09210392','migue','',0,1),
(974,'43491979','migue','',0,1),
(992,'421352','dsad','',0,1),
(993,'43491978','juan','',1,1),
(994,'134','Salvador Viedma',NULL,0,1),
(995,'135','Lorena Méndez',NULL,0,1),
(996,'136','Salvador Viedma',NULL,0,1),
(997,'137','Lorena Méndez',NULL,0,1),
(998,'138','Salvador Viedma',NULL,0,1),
(999,'139','Lorena Méndez',NULL,0,1),
(1000,'43491978','juan','',0,1),
(1002,'140','Lorena Méndez',NULL,0,1),
(1011,'141','Lorena Méndez',NULL,0,1),
(1021,'145','Lorena Méndez',NULL,0,1),
(1022,'146','Lorena Méndez',NULL,0,1),
(1023,'147','Lorena Méndez',NULL,0,1),
(1024,'148','Lorena Méndez',NULL,0,1),
(1025,'149','Lorena Méndez',NULL,0,1),
(1027,'150','Lorena Méndez',NULL,0,1),
(1030,'153','Lorena Méndez',NULL,0,1),
(1039,'154','Lorena Méndez',NULL,0,1),
(1108,'43491978','juan','',0,23),
(1117,'11111111','TestTest','test@gmail.com',1,1),
(1118,'22222222','Test','test@gmail.com',0,1);
/*!40000 ALTER TABLE `personas` ENABLE KEYS */;
UNLOCK TABLES;

--
-- Table structure for table `precio_libro_cliente`
--

DROP TABLE IF EXISTS `precio_libro_cliente`;
/*!40101 SET @saved_cs_client     = @@character_set_client */;
/*!40101 SET character_set_client = utf8 */;
CREATE TABLE `precio_libro_cliente` (
  `id` int(11) NOT NULL AUTO_INCREMENT,
  `id_libro` int(11) NOT NULL,
  `id_cliente` int(11) NOT NULL,
  `precio` float NOT NULL,
  `created_at` timestamp NOT NULL DEFAULT current_timestamp(),
  PRIMARY KEY (`id`),
  KEY `id_libro` (`id_libro`),
  KEY `id_cliente` (`id_cliente`),
  CONSTRAINT `precio_libro_cliente_ibfk_1` FOREIGN KEY (`id_libro`) REFERENCES `libros` (`id_libro`),
  CONSTRAINT `precio_libro_cliente_ibfk_2` FOREIGN KEY (`id_cliente`) REFERENCES `clientes` (`id`),
  CONSTRAINT `CONSTRAINT_1` CHECK (`precio` >= 0)
) ENGINE=InnoDB AUTO_INCREMENT=345 DEFAULT CHARSET=utf8mb4 COLLATE=utf8mb4_general_ci;
/*!40101 SET character_set_client = @saved_cs_client */;

--
-- Dumping data for table `precio_libro_cliente`
--

LOCK TABLES `precio_libro_cliente` WRITE;
/*!40000 ALTER TABLE `precio_libro_cliente` DISABLE KEYS */;
INSERT INTO `precio_libro_cliente` VALUES
(1,5,42,2500,'2024-05-23 00:16:39'),
(3,7,42,2500,'2024-05-23 00:16:39'),
(5,10,42,2500,'2024-05-23 00:16:39'),
(8,15,28,2750,'2024-05-23 00:16:39'),
(9,15,88,2750,'2024-05-23 00:16:39'),
(16,5,42,2500,'2024-05-23 00:17:17'),
(18,7,42,2500,'2024-05-23 00:17:17'),
(20,10,42,2500,'2024-05-23 00:17:17'),
(23,15,28,2750,'2024-05-23 00:17:17'),
(24,15,88,2750,'2024-05-23 00:17:17'),
(31,5,42,2500,'2024-05-23 01:21:01'),
(33,7,42,2500,'2024-05-23 01:21:01'),
(35,10,42,2500,'2024-05-23 01:21:01'),
(38,15,28,2750,'2024-05-23 01:21:01'),
(39,15,88,2750,'2024-05-23 01:21:01'),
(46,5,42,2500,'2024-05-23 01:22:45'),
(48,7,42,2500,'2024-05-23 01:22:45'),
(50,10,42,2500,'2024-05-23 01:22:45'),
(53,15,28,2750,'2024-05-23 01:22:45'),
(54,15,88,2750,'2024-05-23 01:22:45'),
(61,5,42,2500,'2024-05-23 01:22:56'),
(63,7,42,2500,'2024-05-23 01:22:56'),
(65,10,42,2500,'2024-05-23 01:22:56'),
(68,15,28,2750,'2024-05-23 01:22:56'),
(69,15,88,2750,'2024-05-23 01:22:56'),
(76,5,42,2500,'2024-05-23 01:23:32'),
(78,7,42,2500,'2024-05-23 01:23:32'),
(80,10,42,2500,'2024-05-23 01:23:32'),
(83,15,28,2750,'2024-05-23 01:23:32'),
(84,15,88,2750,'2024-05-23 01:23:32'),
(91,5,42,2500,'2024-05-23 01:23:43'),
(93,7,42,2500,'2024-05-23 01:23:43'),
(95,10,42,2500,'2024-05-23 01:23:43'),
(98,15,28,2750,'2024-05-23 01:23:43'),
(99,15,88,2750,'2024-05-23 01:23:43'),
(106,5,42,2500,'2024-05-23 01:26:36'),
(108,7,42,2500,'2024-05-23 01:26:36'),
(110,10,42,2500,'2024-05-23 01:26:36'),
(113,15,28,2750,'2024-05-23 01:26:36'),
(114,15,88,2750,'2024-05-23 01:26:36'),
(121,5,42,2500,'2024-05-23 01:26:50'),
(123,7,42,2500,'2024-05-23 01:26:50'),
(125,10,42,2500,'2024-05-23 01:26:50'),
(128,15,28,2750,'2024-05-23 01:26:50'),
(129,15,88,2750,'2024-05-23 01:26:50'),
(136,5,42,2500,'2024-05-23 01:32:41'),
(138,7,42,2500,'2024-05-23 01:32:41'),
(140,10,42,2500,'2024-05-23 01:32:41'),
(143,15,28,2750,'2024-05-23 01:32:41'),
(144,15,88,2750,'2024-05-23 01:32:41'),
(151,5,42,2500,'2024-05-23 01:33:38'),
(153,7,42,2500,'2024-05-23 01:33:38'),
(155,10,42,2500,'2024-05-23 01:33:38'),
(158,15,28,2750,'2024-05-23 01:33:38'),
(159,15,88,2750,'2024-05-23 01:33:38'),
(171,5,42,2500,'2024-06-24 23:22:35'),
(172,5,42,2600,'2024-07-12 16:29:51'),
(173,7,42,2500,'2024-07-12 16:29:51'),
(174,10,42,2500,'2024-07-12 16:29:51'),
(175,5,42,6600,'2024-07-12 16:31:08'),
(176,7,42,6500,'2024-07-12 16:31:08'),
(177,10,42,6500,'2024-07-12 16:31:08'),
(178,5,42,7600,'2024-07-12 16:39:46'),
(179,7,42,7500,'2024-07-12 16:39:46'),
(180,10,42,7500,'2024-07-12 16:39:46'),
(181,5,42,8600,'2024-07-12 16:40:27'),
(182,7,42,8500,'2024-07-12 16:40:27'),
(183,10,42,8500,'2024-07-12 16:40:27'),
(184,5,42,9600,'2024-07-12 16:42:46'),
(185,7,42,9500,'2024-07-12 16:42:46'),
(186,10,42,9500,'2024-07-12 16:42:46'),
(187,5,42,10600,'2024-07-12 16:44:12'),
(188,7,42,10500,'2024-07-12 16:44:12'),
(189,10,42,10500,'2024-07-12 16:44:12'),
(190,5,42,11600,'2024-07-12 16:44:58'),
(191,7,42,11500,'2024-07-12 16:44:58'),
(192,10,42,11500,'2024-07-12 16:44:58'),
(193,5,42,12600,'2024-07-12 16:46:59'),
(194,7,42,12500,'2024-07-12 16:46:59'),
(195,10,42,12500,'2024-07-12 16:46:59'),
(196,5,42,13600,'2024-07-12 16:47:38'),
(197,7,42,13500,'2024-07-12 16:47:38'),
(198,10,42,13500,'2024-07-12 16:47:38'),
(199,5,42,14600,'2024-07-12 16:48:06'),
(200,7,42,14500,'2024-07-12 16:48:06'),
(201,10,42,14500,'2024-07-12 16:48:06'),
(202,5,42,15600,'2024-07-12 16:48:55'),
(203,7,42,15500,'2024-07-12 16:48:55'),
(204,10,42,15500,'2024-07-12 16:48:55'),
(205,5,42,16600,'2024-07-12 16:50:30'),
(206,7,42,16500,'2024-07-12 16:50:30'),
(207,10,42,16500,'2024-07-12 16:50:30'),
(208,5,42,17600,'2024-07-12 16:50:53'),
(209,7,42,17500,'2024-07-12 16:50:53'),
(210,10,42,17500,'2024-07-12 16:50:53'),
(211,5,42,18600,'2024-07-12 16:51:41'),
(212,7,42,18500,'2024-07-12 16:51:41'),
(213,10,42,18500,'2024-07-12 16:51:41'),
(214,5,42,19600,'2024-07-12 16:52:25'),
(216,10,42,19500,'2024-07-12 16:52:25'),
(217,5,42,20600,'2024-07-12 16:55:00'),
(218,7,42,20500,'2024-07-12 16:55:00'),
(219,10,42,20500,'2024-07-12 16:55:00'),
(220,5,42,21600,'2024-07-12 16:55:27'),
(221,7,42,21500,'2024-07-12 16:55:27'),
(222,10,42,21500,'2024-07-12 16:55:27'),
(223,5,42,22600,'2024-07-12 16:56:56'),
(224,7,42,22500,'2024-07-12 16:56:56'),
(225,10,42,22500,'2024-07-12 16:56:56'),
(226,5,42,23600,'2024-07-12 16:58:58'),
(227,7,42,23500,'2024-07-12 16:58:58'),
(228,10,42,23500,'2024-07-12 16:58:58'),
(229,15,88,2750,'2024-07-13 21:06:43'),
(230,127,42,1,'2024-07-14 02:21:16'),
(231,56,42,2500,'2024-07-14 05:19:24'),
(232,127,42,10,'2024-07-14 05:25:50'),
(233,5,42,24600,'2024-07-14 05:30:33'),
(234,7,42,24500,'2024-07-14 05:30:33'),
(235,10,42,24500,'2024-07-14 05:30:33'),
(236,15,28,2750,'2024-07-14 05:30:33'),
(237,15,88,2600,'2024-07-14 05:30:33'),
(238,56,42,2500,'2024-07-14 05:30:33'),
(239,127,42,8,'2024-07-14 05:30:33'),
(240,5,42,24600,'2024-07-14 05:30:45'),
(241,7,42,24500,'2024-07-14 05:30:45'),
(242,10,42,24500,'2024-07-14 05:30:45'),
(243,15,28,2750,'2024-07-14 05:30:45'),
(244,15,88,2600,'2024-07-14 05:30:45'),
(245,56,42,2500,'2024-07-14 05:30:45'),
(246,127,42,8,'2024-07-14 05:30:45'),
(247,5,42,24600,'2024-07-14 05:32:10'),
(248,7,42,24500,'2024-07-14 05:32:10'),
(249,10,42,24500,'2024-07-14 05:32:10'),
(250,15,28,2750,'2024-07-14 05:32:10'),
(251,15,88,2600,'2024-07-14 05:32:10'),
(252,56,42,2500,'2024-07-14 05:32:10'),
(253,127,42,7,'2024-07-14 05:32:10'),
(254,131,42,100,'2024-07-14 05:44:30'),
(255,8,42,2500,'2024-07-14 10:52:17'),
(256,5,42,24600,'2024-07-14 10:53:20'),
(257,7,42,24500,'2024-07-14 10:53:20'),
(258,8,42,50,'2024-07-14 10:53:20'),
(259,10,42,24500,'2024-07-14 10:53:20'),
(260,15,28,2750,'2024-07-14 10:53:20'),
(261,15,88,2600,'2024-07-14 10:53:20'),
(262,56,42,2500,'2024-07-14 10:53:20'),
(263,127,42,7,'2024-07-14 10:53:20'),
(264,131,42,100,'2024-07-14 10:53:20'),
(271,8,42,51,'2024-07-14 11:01:39'),
(272,13,42,2500,'2024-07-14 11:05:56'),
(273,17,42,0,'2024-07-14 11:05:56'),
(275,17,42,100,'2024-07-14 11:06:52'),
(318,17,42,300,'2024-07-14 15:48:33'),
(323,5,42,25600,'2024-07-14 18:01:20'),
(324,7,42,25500,'2024-07-14 18:01:20'),
(325,10,42,25500,'2024-07-14 18:01:20'),
(326,17,42,500,'2024-07-14 18:01:20'),
(332,5,215,25600,'2024-07-14 18:01:42'),
(333,7,215,25500,'2024-07-14 18:01:42'),
(334,10,215,25500,'2024-07-14 18:01:42'),
(335,5,42,26600,'2024-07-25 10:39:37'),
(336,7,42,26500,'2024-07-25 10:39:37'),
(337,10,42,26500,'2024-07-25 10:39:37'),
(338,17,42,600,'2024-07-25 10:39:37'),
(342,5,42,27600,'2024-07-25 13:41:23'),
(343,7,42,27500,'2024-07-25 13:41:23'),
(344,10,42,27500,'2024-07-25 13:41:23');
/*!40000 ALTER TABLE `precio_libro_cliente` ENABLE KEYS */;
UNLOCK TABLES;

--
-- Table structure for table `precio_libros`
--

DROP TABLE IF EXISTS `precio_libros`;
/*!40101 SET @saved_cs_client     = @@character_set_client */;
/*!40101 SET character_set_client = utf8 */;
CREATE TABLE `precio_libros` (
  `id` int(11) NOT NULL AUTO_INCREMENT,
  `isbn` varchar(13) NOT NULL,
  `precio` float NOT NULL,
  `created_at` timestamp NOT NULL DEFAULT current_timestamp(),
  `user` int(11) NOT NULL,
  `id_libro` int(11) NOT NULL,
  PRIMARY KEY (`id`),
  KEY `isbn` (`isbn`),
  KEY `id_libro` (`id_libro`),
  CONSTRAINT `precio_libros_ibfk_1` FOREIGN KEY (`id_libro`) REFERENCES `libros` (`id_libro`)
) ENGINE=InnoDB AUTO_INCREMENT=333 DEFAULT CHARSET=utf8mb4 COLLATE=utf8mb4_general_ci;
/*!40101 SET character_set_client = @saved_cs_client */;

--
-- Dumping data for table `precio_libros`
--

LOCK TABLES `precio_libros` WRITE;
/*!40000 ALTER TABLE `precio_libros` DISABLE KEYS */;
INSERT INTO `precio_libros` VALUES
(1,'',40,'2024-03-31 19:52:32',0,1),
(2,'11111111',2500,'2024-03-31 19:52:32',0,2),
(4,'1111111111',2500,'2024-03-31 19:52:32',0,4),
(5,'11111112',2500,'2024-03-31 19:52:32',0,5),
(6,'11111113',2500,'2024-03-31 19:52:32',0,6),
(7,'11111115',2500,'2024-03-31 19:52:32',0,7),
(8,'11111116',2500,'2024-03-31 19:52:32',0,8),
(9,'11111117',2500,'2024-03-31 19:52:32',0,9),
(10,'11111118',2500,'2024-03-31 19:52:32',0,10),
(11,'192381231',0,'2024-03-31 19:52:32',0,11),
(12,'2381823',5000,'2024-03-31 19:52:32',0,12),
(13,'3921949219',2500,'2024-03-31 19:52:32',0,13),
(14,'521321',0,'2024-03-31 19:52:32',0,14),
(15,'9789784765178',10000,'2024-03-31 19:52:32',0,15),
(16,'9789873397899',10,'2024-03-31 19:52:32',0,16),
(17,'9789874201096',0,'2024-03-31 19:52:32',0,17),
(18,'9789874222992',0,'2024-03-31 19:52:32',0,18),
(19,'9789874245106',0,'2024-03-31 19:52:32',0,19),
(20,'9789874245113',0,'2024-03-31 19:52:32',0,20),
(21,'9789874659309',0,'2024-03-31 19:52:32',0,21),
(22,'9789874659313',0,'2024-03-31 19:52:32',0,22),
(23,'9789874659323',0,'2024-03-31 19:52:32',0,23),
(24,'9789874659347',0,'2024-03-31 19:52:32',0,24),
(25,'9789874659361',0,'2024-03-31 19:52:32',0,25),
(26,'9789874659378',0,'2024-03-31 19:52:32',0,26),
(27,'9789874659385',0,'2024-03-31 19:52:32',0,27),
(28,'9789874659392',0,'2024-03-31 19:52:32',0,28),
(29,'9789874704108',0,'2024-03-31 19:52:32',0,29),
(30,'9789874704115',0,'2024-03-31 19:52:32',0,30),
(31,'9789874704122',0,'2024-03-31 19:52:32',0,31),
(32,'9789874704139',0,'2024-03-31 19:52:32',0,32),
(33,'9789874704146',0,'2024-03-31 19:52:32',0,33),
(34,'9789874704153',0,'2024-03-31 19:52:32',0,34),
(35,'9789874704160',0,'2024-03-31 19:52:32',0,35),
(36,'9789874704177',0,'2024-03-31 19:52:32',0,36),
(37,'9789874704184',0,'2024-03-31 19:52:32',0,37),
(38,'9789874704191',0,'2024-03-31 19:52:32',0,38),
(39,'9789874765109',0,'2024-03-31 19:52:32',0,39),
(40,'9789874765116',0,'2024-03-31 19:52:32',0,40),
(41,'9789874765130',0,'2024-03-31 19:52:32',0,41),
(42,'9789874765147',0,'2024-03-31 19:52:32',0,42),
(43,'9789874765161',0,'2024-03-31 19:52:32',0,43),
(44,'9789874765192',0,'2024-03-31 19:52:32',0,44),
(45,'9789874798107',0,'2024-03-31 19:52:32',0,45),
(46,'9789874798138',0,'2024-03-31 19:52:32',0,46),
(47,'9789874798152',0,'2024-03-31 19:52:32',0,47),
(48,'9789874798169',0,'2024-03-31 19:52:32',0,48),
(49,'9789874798176',0,'2024-03-31 19:52:32',0,49),
(50,'9789874798183',0,'2024-03-31 19:52:32',0,50),
(51,'9789874798190',0,'2024-03-31 19:52:32',0,51),
(52,'9789874864604',0,'2024-03-31 19:52:32',0,52),
(53,'9789874864628',0,'2024-03-31 19:52:32',0,53),
(54,'9789874864635',0,'2024-03-31 19:52:32',0,54),
(55,'9789874864642',0,'2024-03-31 19:52:32',0,55),
(56,'9789874864673',2500,'2024-03-31 19:52:32',0,56),
(57,'9789874864674',2500,'2024-03-31 19:52:32',0,57),
(58,'9991114444',15000,'2024-03-31 19:52:32',0,67),
(59,'99999991',2500,'2024-03-31 19:52:32',0,68),
(60,'99999992',2500,'2024-03-31 19:52:32',0,69),
(61,'99999993',2500,'2024-03-31 19:52:32',0,70),
(62,'99999994',2500,'2024-03-31 19:52:32',0,71),
(63,'99999995',2500,'2024-03-31 19:52:32',0,72),
(64,'99999996',2500,'2024-03-31 19:52:32',0,73),
(65,'99999997',2500,'2024-03-31 19:52:32',0,74),
(66,'99999999',2500,'2024-03-31 19:52:32',0,75),
(128,'9789784765178',2500,'2024-03-31 20:05:08',0,15),
(129,'9789784765178',2500,'2024-03-31 20:06:12',0,15),
(130,'9789784765178',2750,'2024-03-31 20:13:13',0,15),
(134,'9789874864675',2500,'2024-03-31 22:46:26',0,58),
(135,'9789874864676',2500,'2024-03-31 22:47:39',0,59),
(152,'9789874864677',2500,'2024-04-01 00:28:04',0,60),
(171,'9789874864678',2500,'2024-04-13 20:24:11',0,61),
(172,'9789874864679',2500,'2024-04-13 20:27:46',0,62),
(173,'9789874864680',2500,'2024-04-13 20:28:15',0,63),
(174,'9789874864681',2500,'2024-04-13 20:29:26',0,64),
(175,'9789874864682',2500,'2024-04-13 20:30:23',0,65),
(178,'9789874864683',2500,'2024-04-17 18:55:35',0,66),
(181,'9789874869992',2500,'2024-05-03 17:40:37',1,101),
(187,'11111112',2502,'2024-05-23 01:32:33',1,5),
(188,'11111112',2503,'2024-05-23 01:33:29',1,5),
(189,'11111112',2504,'2024-05-23 01:37:45',1,5),
(200,'9789784765178',2504,'2024-05-24 19:20:57',1,15),
(233,'11111112',2600,'2024-06-04 00:06:31',1,5),
(234,'9789784765178',2600,'2024-06-04 01:00:24',1,15),
(235,'9789874869992',2500,'2024-06-04 05:15:54',23,127),
(236,'9789874869992',1,'2024-06-04 05:18:53',23,127),
(243,'11111112',3600,'2024-07-12 16:26:58',1,5),
(244,'11111115',3500,'2024-07-12 16:26:59',1,7),
(245,'11111118',3500,'2024-07-12 16:26:59',1,10),
(246,'11111112',4600,'2024-07-12 16:27:37',1,5),
(247,'11111115',4500,'2024-07-12 16:27:38',1,7),
(248,'11111118',4500,'2024-07-12 16:27:38',1,10),
(249,'11111112',5600,'2024-07-12 16:28:55',1,5),
(250,'11111115',5500,'2024-07-12 16:28:55',1,7),
(251,'11111118',5500,'2024-07-12 16:28:55',1,10),
(252,'11111112',6600,'2024-07-12 16:29:51',1,5),
(253,'11111115',6500,'2024-07-12 16:29:51',1,7),
(254,'11111118',6500,'2024-07-12 16:29:51',1,10),
(255,'11111112',7600,'2024-07-12 16:31:08',1,5),
(256,'11111115',7500,'2024-07-12 16:31:08',1,7),
(257,'11111118',7500,'2024-07-12 16:31:08',1,10),
(258,'11111112',8600,'2024-07-12 16:39:46',1,5),
(259,'11111115',8500,'2024-07-12 16:39:46',1,7),
(260,'11111118',8500,'2024-07-12 16:39:46',1,10),
(261,'11111112',9600,'2024-07-12 16:40:26',1,5),
(262,'11111115',9500,'2024-07-12 16:40:26',1,7),
(263,'11111118',9500,'2024-07-12 16:40:26',1,10),
(264,'11111112',10600,'2024-07-12 16:42:46',1,5),
(265,'11111115',10500,'2024-07-12 16:42:46',1,7),
(266,'11111118',10500,'2024-07-12 16:42:46',1,10),
(267,'11111112',11600,'2024-07-12 16:44:12',1,5),
(268,'11111115',11500,'2024-07-12 16:44:12',1,7),
(269,'11111118',11500,'2024-07-12 16:44:12',1,10),
(270,'11111112',12600,'2024-07-12 16:44:57',1,5),
(271,'11111115',12500,'2024-07-12 16:44:57',1,7),
(272,'11111118',12500,'2024-07-12 16:44:57',1,10),
(273,'11111112',13600,'2024-07-12 16:46:59',1,5),
(274,'11111115',13500,'2024-07-12 16:46:59',1,7),
(275,'11111118',13500,'2024-07-12 16:46:59',1,10),
(276,'11111112',14600,'2024-07-12 16:47:37',1,5),
(277,'11111115',14500,'2024-07-12 16:47:37',1,7),
(278,'11111118',14500,'2024-07-12 16:47:37',1,10),
(279,'11111112',15600,'2024-07-12 16:48:05',1,5),
(280,'11111115',15500,'2024-07-12 16:48:05',1,7),
(281,'11111118',15500,'2024-07-12 16:48:05',1,10),
(282,'11111112',16600,'2024-07-12 16:48:55',1,5),
(283,'11111115',16500,'2024-07-12 16:48:55',1,7),
(284,'11111118',16500,'2024-07-12 16:48:55',1,10),
(285,'11111112',17600,'2024-07-12 16:50:30',1,5),
(286,'11111115',17500,'2024-07-12 16:50:30',1,7),
(287,'11111118',17500,'2024-07-12 16:50:30',1,10),
(288,'11111112',18600,'2024-07-12 16:50:52',1,5),
(289,'11111115',18500,'2024-07-12 16:50:52',1,7),
(290,'11111118',18500,'2024-07-12 16:50:53',1,10),
(291,'11111112',19600,'2024-07-12 16:51:41',1,5),
(292,'11111115',19500,'2024-07-12 16:51:41',1,7),
(293,'11111118',19500,'2024-07-12 16:51:41',1,10),
(294,'11111112',20600,'2024-07-12 16:52:24',1,5),
(295,'11111115',20500,'2024-07-12 16:52:24',1,7),
(296,'11111118',20500,'2024-07-12 16:52:25',1,10),
(297,'11111112',21600,'2024-07-12 16:55:00',1,5),
(298,'11111115',21500,'2024-07-12 16:55:00',1,7),
(299,'11111118',21500,'2024-07-12 16:55:00',1,10),
(300,'11111112',22600,'2024-07-12 16:55:26',1,5),
(301,'11111115',22500,'2024-07-12 16:55:26',1,7),
(302,'11111118',22500,'2024-07-12 16:55:27',1,10),
(303,'11111112',23600,'2024-07-12 16:56:56',1,5),
(304,'11111115',23500,'2024-07-12 16:56:56',1,7),
(305,'11111118',23500,'2024-07-12 16:56:56',1,10),
(306,'11111112',24600,'2024-07-12 16:58:58',1,5),
(307,'11111115',24500,'2024-07-12 16:58:58',1,7),
(308,'11111118',24500,'2024-07-12 16:58:58',1,10),
(309,'9789874869992',10,'2024-07-14 02:21:00',23,127),
(310,'9789874869992',9,'2024-07-14 05:25:47',23,127),
(311,'9789874869992',8,'2024-07-14 05:27:29',23,127),
(312,'9789874869992',7,'2024-07-14 05:32:08',23,127),
(313,'123',100,'2024-07-14 05:33:52',23,131),
(314,'11111116',50,'2024-07-14 10:53:17',1,8),
(315,'11111116',51,'2024-07-14 11:01:35',1,8),
(316,'9789874201096',100,'2024-07-14 11:06:50',1,17),
(317,'9789874201096',200,'2024-07-14 15:16:54',1,17),
(318,'9789874201096',300,'2024-07-14 15:18:02',1,17),
(319,'9789874201096',400,'2024-07-14 15:58:47',1,17),
(320,'9789874201096',500,'2024-07-14 18:01:11',1,17),
(321,'11111112',25600,'2024-07-14 18:01:19',1,5),
(322,'11111115',25500,'2024-07-14 18:01:19',1,7),
(323,'11111118',25500,'2024-07-14 18:01:20',1,10),
(324,'111111111',10000,'2024-07-14 18:01:21',1,132),
(325,'111111111',11100,'2024-07-14 18:01:21',1,132),
(326,'9789874201096',600,'2024-07-14 18:01:40',1,17),
(327,'11111112',26600,'2024-07-25 10:39:37',1,5),
(328,'11111115',26500,'2024-07-25 10:39:37',1,7),
(329,'11111118',26500,'2024-07-25 10:39:37',1,10),
(330,'11111112',27600,'2024-07-25 13:41:23',1,5),
(331,'11111115',27500,'2024-07-25 13:41:23',1,7),
(332,'11111118',27500,'2024-07-25 13:41:23',1,10);
/*!40000 ALTER TABLE `precio_libros` ENABLE KEYS */;
UNLOCK TABLES;

--
-- Table structure for table `transacciones`
--

DROP TABLE IF EXISTS `transacciones`;
/*!40101 SET @saved_cs_client     = @@character_set_client */;
/*!40101 SET character_set_client = utf8 */;
CREATE TABLE `transacciones` (
  `id` int(11) NOT NULL AUTO_INCREMENT,
  `fecha` timestamp NOT NULL DEFAULT current_timestamp(),
  `id_cliente` int(11) NOT NULL,
  `file_path` varchar(80) NOT NULL,
  `type` enum('venta','consignacion','ventaConsignacion','devolucion') NOT NULL,
  `user` int(11) NOT NULL,
  PRIMARY KEY (`id`),
  KEY `id_cliente` (`id_cliente`),
  KEY `user` (`user`),
  CONSTRAINT `transacciones_ibfk_1` FOREIGN KEY (`id_cliente`) REFERENCES `clientes` (`id`),
  CONSTRAINT `transacciones_ibfk_2` FOREIGN KEY (`user`) REFERENCES `users` (`id`)
) ENGINE=InnoDB AUTO_INCREMENT=628 DEFAULT CHARSET=utf8mb4 COLLATE=utf8mb4_general_ci;
/*!40101 SET character_set_client = @saved_cs_client */;

--
-- Dumping data for table `transacciones`
--

LOCK TABLES `transacciones` WRITE;
/*!40000 ALTER TABLE `transacciones` DISABLE KEYS */;
INSERT INTO `transacciones` VALUES
(25,'2023-07-20 02:57:24',28,'LautaroTetaMusa_2023_07_20_025724.pdf','venta',1),
(35,'2023-07-26 19:54:25',82,'NEGRO_2023_07_26_195425.pdf','venta',1),
(36,'2023-07-26 23:28:08',82,'NEGRO_2023_07_26_232808.pdf','venta',1),
(37,'2023-07-26 23:30:09',82,'NEGRO_2023_07_26_233009.pdf','venta',1),
(38,'2023-07-27 21:29:32',82,'NEGRO_2023_07_27_212932.pdf','venta',1),
(39,'2023-07-27 21:31:51',82,'NEGRO_2023_07_27_213151.pdf','venta',1),
(40,'2023-07-27 22:01:26',42,'ClienteTest_2023_07_27_220125.pdf','venta',1),
(41,'2023-07-27 22:36:50',42,'ClienteTest_2023_07_27_223649.pdf','venta',1),
(42,'2023-07-27 22:42:54',42,'ClienteTest_2023_07_27_224254.pdf','venta',1),
(43,'2023-07-27 22:45:51',88,'ANASHE_2023_07_27_224551.pdf','venta',1),
(44,'2023-07-27 22:49:28',88,'ANASHE_2023_07_27_224928.pdf','venta',1),
(45,'2023-07-27 22:52:40',88,'ANASHE_2023_07_27_225240.pdf','venta',1),
(46,'2023-07-27 22:59:44',88,'ANASHE_2023_07_27_225944.pdf','venta',1),
(47,'2023-07-27 23:01:13',88,'ANASHE_2023_07_27_230112.pdf','venta',1),
(48,'2023-07-27 23:09:49',88,'ANASHE_2023_07_27_230949.pdf','venta',1),
(49,'2023-07-29 21:29:28',92,'Clientede prueba_2023_07_29_212927.pdf','venta',1),
(50,'2023-07-29 21:42:16',92,'Clientede prueba_2023_07_29_214216.pdf','venta',1),
(51,'2023-07-29 22:02:09',93,'ManuelKrivoy_2023_07_29_220208.pdf','venta',1),
(52,'2023-08-08 16:56:09',82,'NEGRO_2023_08_08_165609.pdf','venta',1),
(53,'2023-08-08 16:56:23',82,'NEGRO_2023_08_08_165623.pdf','venta',1),
(54,'2023-08-08 16:59:27',82,'NEGRO_2023_08_08_165927.pdf','venta',1),
(55,'2023-08-08 20:39:47',82,'NEGRO_2023_08_08_203947.pdf','venta',1),
(56,'2023-08-08 20:47:34',82,'NEGRO_2023_08_08_204734.pdf','venta',1),
(57,'2023-08-08 20:58:36',82,'NEGRO_2023_08_08_205836.pdf','venta',1),
(58,'2023-08-08 21:08:49',82,'NEGRO_2023_08_08_210849.pdf','venta',1),
(59,'2023-08-08 21:09:57',82,'NEGRO_2023_08_08_210957.pdf','venta',1),
(60,'2023-08-08 21:11:12',82,'NEGRO_2023_08_08_211112.pdf','venta',1),
(61,'2023-08-08 21:13:26',82,'NEGRO_2023_08_08_211326.pdf','venta',1),
(62,'2023-08-08 21:14:21',82,'NEGRO_2023_08_08_211421.pdf','venta',1),
(63,'2023-08-08 21:18:03',82,'NEGRO_2023_08_08_211803.pdf','venta',1),
(64,'2023-08-08 21:18:49',82,'NEGRO_2023_08_08_211849.pdf','venta',1),
(65,'2023-08-08 21:19:30',82,'NEGRO_2023_08_08_211930.pdf','venta',1),
(66,'2023-08-09 01:20:05',93,'ManuelKrivoy_2023_08_09_012005.pdf','venta',1),
(67,'2023-08-09 01:21:40',93,'ManuelKrivoy_2023_08_09_012139.pdf','venta',1),
(68,'2024-02-20 09:58:25',82,'_2024_02_20_095825.pdf','venta',1),
(69,'2024-02-20 10:12:43',82,'_2024_02_20_101243.pdf','venta',1),
(70,'2024-02-20 10:26:57',82,'_2024_02_20_102657.pdf','venta',1),
(71,'2024-02-20 10:32:03',82,'_2024_02_20_103203.pdf','venta',1),
(72,'2024-02-20 10:35:19',82,'_2024_02_20_103519.pdf','venta',1),
(73,'2024-02-20 10:35:43',82,'_2024_02_20_103543.pdf','venta',1),
(74,'2024-02-20 13:38:49',82,'_2024_02_20_133849.pdf','venta',1),
(75,'2024-02-20 13:40:05',28,'LAUTARO TETA MUSA_2024_02_20_134005.pdf','venta',1),
(76,'2024-02-20 13:40:56',42,'AGRONASAJA SRL_2024_02_20_134056.pdf','venta',1),
(77,'2024-02-20 14:44:03',42,'AGRONASAJA SRL_2024_02_20_144403.pdf','venta',1),
(78,'2024-02-20 14:48:08',42,'AGRONASAJA SRL_2024_02_20_144808.pdf','venta',1),
(79,'2024-02-20 14:49:24',42,'AGRONASAJA SRL_2024_02_20_144924.pdf','venta',1),
(80,'2024-02-20 14:50:45',42,'AGRONASAJA SRL_2024_02_20_145045.pdf','venta',1),
(81,'2024-02-20 14:56:02',42,'AGRONASAJA SRL_2024_02_20_145602.pdf','venta',1),
(82,'2024-02-20 14:56:42',42,'AGRONASAJA SRL_2024_02_20_145642.pdf','venta',1),
(83,'2024-02-20 14:59:45',42,'AGRONASAJA SRL_2024_02_20_145945.pdf','venta',1),
(84,'2024-02-20 15:01:46',42,'AGRONASAJA SRL_2024_02_20_150146.pdf','venta',1),
(85,'2024-02-20 15:21:59',42,'AGRONASAJA SRL_2024_02_20_152159.pdf','venta',1),
(86,'2024-03-17 18:30:16',42,'AGRONASAJA SRL_2024_03_17_183016.pdf','venta',1),
(87,'2024-03-17 18:32:35',42,'AGRONASAJA SRL_2024_03_17_183235.pdf','venta',1),
(88,'2024-03-17 19:53:41',42,'AGRONASAJA SRL_2024_03_17_195341.pdf','venta',1),
(89,'2024-03-17 21:42:32',42,'AGRONASAJA SRL_2024_03_17_214232.pdf','venta',1),
(90,'2024-03-17 21:47:55',42,'AGRONASAJA SRL_2024_03_17_214755.pdf','venta',1),
(91,'2024-03-18 00:51:56',42,'AGRONASAJA SRL_2024_03_18_005156.pdf','venta',1),
(92,'2024-03-18 00:52:45',42,'AGRONASAJA SRL_2024_03_18_005245.pdf','venta',1),
(93,'2024-03-18 15:11:29',42,'AGRONASAJA SRL_2024_03_18_151129.pdf','venta',1),
(94,'2024-03-18 15:13:14',42,'AGRONASAJA SRL_2024_03_18_151314.pdf','venta',1),
(95,'2024-03-18 18:43:40',42,'AGRONASAJA SRL_2024_03_18_184340.pdf','venta',1),
(96,'2024-03-18 18:45:01',42,'AGRONASAJA SRL_2024_03_18_184501.pdf','venta',1),
(97,'2024-03-18 18:54:18',42,'AGRONASAJA SRL_2024_03_18_185418.pdf','venta',1),
(98,'2024-03-18 18:54:23',42,'AGRONASAJA SRL_2024_03_18_185423.pdf','venta',1),
(99,'2024-03-18 18:55:17',42,'AGRONASAJA SRL_2024_03_18_185517.pdf','venta',1),
(100,'2024-03-24 16:26:41',42,'AGRONASAJA SRL_2024_03_24_162641.pdf','venta',1),
(101,'2024-03-24 16:30:44',42,'AGRONASAJA SRL_2024_03_24_163044.pdf','venta',1),
(102,'2024-03-24 16:32:50',42,'AGRONASAJA SRL_2024_03_24_163250.pdf','venta',1),
(103,'2024-03-24 16:33:05',42,'AGRONASAJA SRL_2024_03_24_163305.pdf','venta',1),
(104,'2024-03-24 16:38:23',42,'AGRONASAJA SRL_2024_03_24_163823.pdf','venta',1),
(105,'2024-03-24 16:38:28',42,'AGRONASAJA SRL_2024_03_24_163828.pdf','venta',1),
(106,'2024-03-24 16:59:02',42,'AGRONASAJA SRL_2024_03_24_165902.pdf','venta',1),
(107,'2024-03-24 17:00:34',42,'AGRONASAJA SRL_2024_03_24_170034.pdf','venta',1),
(108,'2024-03-24 17:00:39',42,'AGRONASAJA SRL_2024_03_24_170039.pdf','venta',1),
(109,'2024-03-24 17:01:39',42,'AGRONASAJA SRL_2024_03_24_170139.pdf','venta',1),
(110,'2024-03-24 17:02:17',42,'AGRONASAJA SRL_2024_03_24_170217.pdf','venta',1),
(111,'2024-03-24 17:02:18',42,'AGRONASAJA SRL_2024_03_24_170218.pdf','venta',1),
(112,'2024-03-24 17:02:19',42,'AGRONASAJA SRL_2024_03_24_170219.pdf','venta',1),
(113,'2024-03-24 17:04:22',42,'AGRONASAJA SRL_2024_03_24_170422.pdf','venta',1),
(114,'2024-03-24 17:05:03',42,'AGRONASAJA SRL_2024_03_24_170503.pdf','venta',1),
(115,'2024-03-24 17:06:08',42,'AGRONASAJA SRL_2024_03_24_170608.pdf','venta',1),
(116,'2024-03-24 17:16:24',42,'AGRONASAJA SRL_2024_03_24_171624.pdf','venta',1),
(117,'2024-03-24 17:16:36',42,'AGRONASAJA SRL_2024_03_24_171636.pdf','venta',1),
(118,'2024-03-24 20:47:49',42,'AGRONASAJA SRL_2024_03_24_204749.pdf','venta',1),
(119,'2024-03-24 20:49:05',42,'AGRONASAJA SRL_2024_03_24_204905.pdf','venta',1),
(120,'2024-03-24 20:49:25',42,'AGRONASAJA SRL_2024_03_24_204925.pdf','venta',1),
(121,'2024-03-24 20:50:24',42,'AGRONASAJA SRL_2024_03_24_205024.pdf','venta',1),
(122,'2024-03-24 20:50:52',42,'AGRONASAJA SRL_2024_03_24_205052.pdf','venta',1),
(123,'2024-03-24 20:52:45',42,'AGRONASAJA SRL_2024_03_24_205245.pdf','venta',1),
(124,'2024-03-24 20:53:54',42,'AGRONASAJASRL_2024_03_24_205354.pdf','venta',1),
(125,'2024-03-24 23:25:42',42,'AGRONASAJASRL_2024_03_24_232542.pdf','venta',1),
(126,'2024-03-24 23:27:26',42,'AGRONASAJASRL_2024_03_24_232726.pdf','venta',1),
(127,'2024-03-24 23:47:29',42,'AGRONASAJASRL_2024_03_24_234729.pdf','venta',1),
(128,'2024-03-24 23:49:57',42,'AGRONASAJASRL_2024_03_24_234957.pdf','venta',1),
(129,'2024-03-24 23:52:22',42,'AGRONASAJASRL_2024_03_24_235222.pdf','venta',1),
(130,'2024-03-24 23:56:17',42,'AGRONASAJASRL_2024_03_24_235617.pdf','venta',1),
(131,'2024-03-25 00:00:48',42,'AGRONASAJASRL_2024_03_25_000048.pdf','venta',1),
(132,'2024-03-29 20:22:41',42,'AGRONASAJASRL_2024_03_29_202241.pdf','venta',1),
(133,'2024-03-29 20:42:52',42,'AGRONASAJASRL_2024_03_29_204252.pdf','venta',1),
(134,'2024-03-29 20:43:14',42,'AGRONASAJASRL_2024_03_29_204314.pdf','venta',1),
(135,'2024-03-29 20:43:38',42,'AGRONASAJASRL_2024_03_29_204338.pdf','venta',1),
(136,'2024-04-13 16:52:11',82,'_2024_04_13_165211.pdf','venta',1),
(137,'2024-04-13 16:52:54',82,'_2024_04_13_165254.pdf','venta',1),
(138,'2024-04-13 16:53:08',42,'AGRONASAJASRL_2024_04_13_165308.pdf','venta',1),
(139,'2024-04-13 19:54:19',42,'AGRONASAJASRL_2024_04_13_195419.pdf','venta',1),
(140,'2024-04-13 19:54:21',42,'AGRONASAJASRL_2024_04_13_195421.pdf','venta',1),
(141,'2024-04-13 19:56:48',42,'AGRONASAJASRL_2024_04_13_195648.pdf','venta',1),
(142,'2024-04-13 19:58:25',42,'AGRONASAJASRL_2024_04_13_195825.pdf','venta',1),
(143,'2024-04-13 19:58:44',42,'AGRONASAJASRL_2024_04_13_195844.pdf','venta',1),
(144,'2024-04-13 19:58:47',42,'AGRONASAJASRL_2024_04_13_195847.pdf','venta',1),
(145,'2024-04-13 19:58:49',42,'AGRONASAJASRL_2024_04_13_195849.pdf','venta',1),
(146,'2024-04-13 20:33:41',42,'AGRONASAJASRL_2024_04_13_203341.pdf','venta',1),
(147,'2024-04-20 19:26:23',42,'AGRONASAJASRL_2024_04_20_192623.pdf','venta',1),
(148,'2024-04-21 00:05:06',42,'AGRONASAJASRL_2024_04_21_000506.pdf','venta',1),
(149,'2024-04-22 22:31:12',42,'AGRONASAJASRL_2024_04_22_223112.pdf','venta',1),
(150,'2024-04-22 22:33:22',42,'AGRONASAJASRL_2024_04_22_223322.pdf','venta',1),
(151,'2024-04-22 22:35:33',42,'AGRONASAJASRL_2024_04_22_223533.pdf','venta',1),
(152,'2024-05-02 14:51:44',42,'AGRONASAJASRL_2024_05_02_145144.pdf','venta',1),
(153,'2024-05-02 15:12:38',42,'AGRONASAJASRL_2024_05_02_151238.pdf','venta',1),
(258,'2023-07-20 15:37:31',42,'NAZARENONECCHI_2023-07-20_15:37:31.pdf','consignacion',1),
(264,'2023-07-26 03:52:01',28,'LAUTARO TETA MUSA_2023_07_26_035201.pdf','consignacion',1),
(265,'2023-07-26 03:52:25',28,'LAUTARO TETA MUSA_2023_07_26_035225.pdf','consignacion',1),
(266,'2023-07-27 21:54:16',28,'LAUTARO TETA MUSA_2023_07_27_215416.pdf','consignacion',1),
(268,'2023-07-27 23:10:36',88,'AGRONASAJA SRL_2023_07_27_231036.pdf','consignacion',1),
(269,'2023-07-28 19:12:32',28,'LAUTARO TETA MUSA_2023_07_28_191232.pdf','consignacion',1),
(270,'2023-07-28 19:25:07',28,'LAUTARO TETA MUSA_2023_07_28_192507.pdf','consignacion',1),
(271,'2023-07-28 19:26:13',28,'LAUTARO TETA MUSA_2023_07_28_192613.pdf','consignacion',1),
(272,'2023-07-28 19:29:46',28,'LAUTARO TETA MUSA_2023_07_28_192946.pdf','consignacion',1),
(273,'2023-07-28 19:31:06',28,'LAUTARO TETA MUSA_2023_07_28_193106.pdf','consignacion',1),
(274,'2023-07-28 19:34:15',28,'LAUTARO TETA MUSA_2023_07_28_193415.pdf','consignacion',1),
(275,'2023-12-06 10:32:15',28,'LAUTARO TETA MUSA_2023_12_06_103215.pdf','consignacion',1),
(276,'2023-12-06 10:43:18',28,'LAUTARO TETA MUSA_2023_12_06_104318.pdf','consignacion',1),
(277,'2024-04-22 19:29:27',28,'LAUTAROTETA MUSA_2024_04_22_192927.pdf','consignacion',1),
(278,'2024-04-22 22:35:39',28,'LAUTAROTETA MUSA_2024_04_22_223539.pdf','consignacion',1),
(279,'2024-04-22 22:43:58',28,'LAUTAROTETA MUSA_2024_04_22_224358.pdf','consignacion',1),
(280,'2024-04-22 22:44:52',28,'LAUTAROTETAMUSA_2024_04_22_224452.pdf','consignacion',1),
(281,'2024-04-22 22:45:04',28,'LAUTAROTETAMUSA_2024_04_22_224504.pdf','consignacion',1),
(294,'2024-05-05 20:21:12',42,'AGRONASAJASRL_2024_05_05_202112.pdf','venta',1),
(295,'2024-05-05 20:22:00',42,'AGRONASAJASRL_2024_05_05_202200.pdf','venta',1),
(296,'2024-05-05 20:23:35',28,'LAUTAROTETAMUSA_2024_05_05_202335.pdf','consignacion',1),
(297,'2024-05-05 20:30:24',28,'LAUTAROTETAMUSA_2024_05_05_203024.pdf','consignacion',1),
(298,'2024-05-05 20:38:56',28,'LAUTAROTETAMUSA_2024_05_05_203856.pdf','ventaConsignacion',1),
(299,'2024-05-05 21:03:28',42,'AGRONASAJASRL_2024_05_05_210328.pdf','venta',1),
(300,'2024-05-05 21:06:44',28,'LAUTAROTETAMUSA_2024_05_05_210644.pdf','ventaConsignacion',1),
(301,'2024-05-05 21:07:33',42,'AGRONASAJASRL_2024_05_05_210733.pdf','venta',1),
(302,'2024-05-05 21:08:57',42,'AGRONASAJASRL_2024_05_05_210857.pdf','venta',1),
(303,'2024-05-05 21:34:45',28,'LAUTAROTETAMUSA_2024_05_05_213445.pdf','ventaConsignacion',1),
(304,'2024-05-05 22:21:36',28,'LAUTAROTETAMUSA_2024_05_05_222136.pdf','consignacion',1),
(309,'2024-05-06 15:33:44',28,'LAUTAROTETAMUSA_2024_05_06_153344.pdf','ventaConsignacion',1),
(310,'2024-05-06 15:39:56',28,'LAUTAROTETAMUSA_2024_05_06_153956.pdf','consignacion',1),
(311,'2024-05-06 15:43:11',28,'LAUTAROTETAMUSA_2024_05_06_154311.pdf','consignacion',1),
(312,'2024-05-06 15:43:49',28,'LAUTAROTETAMUSA_2024_05_06_154349.pdf','consignacion',1),
(313,'2024-05-06 15:44:31',28,'LAUTAROTETAMUSA_2024_05_06_154431.pdf','consignacion',1),
(314,'2024-05-06 15:44:52',28,'LAUTAROTETAMUSA_2024_05_06_154452.pdf','consignacion',1),
(315,'2024-05-06 16:06:05',28,'LAUTAROTETAMUSA_2024_05_06_160605.pdf','consignacion',1),
(316,'2024-05-06 16:06:51',28,'LAUTAROTETAMUSA_2024_05_06_160651.pdf','consignacion',1),
(317,'2024-05-06 16:08:13',28,'LAUTAROTETAMUSA_2024_05_06_160813.pdf','consignacion',1),
(318,'2024-05-06 16:09:12',28,'LAUTAROTETAMUSA_2024_05_06_160912.pdf','ventaConsignacion',1),
(319,'2024-05-06 16:27:02',28,'LAUTAROTETAMUSA_2024_05_06_162702.pdf','ventaConsignacion',1),
(320,'2024-05-06 16:27:06',28,'LAUTAROTETAMUSA_2024_05_06_162706.pdf','consignacion',1),
(321,'2024-05-06 16:27:11',42,'AGRONASAJASRL_2024_05_06_162711.pdf','venta',1),
(322,'2024-05-06 16:28:19',42,'AGRONASAJASRL_2024_05_06_162819.pdf','venta',1),
(323,'2024-05-06 16:29:06',42,'AGRONASAJASRL_2024_05_06_162906.pdf','venta',1),
(324,'2024-05-06 16:29:52',42,'AGRONASAJASRL_2024_05_06_162952.pdf','venta',1),
(325,'2024-05-06 16:30:13',42,'AGRONASAJASRL_2024_05_06_163013.pdf','venta',1),
(326,'2024-05-06 16:30:28',42,'AGRONASAJASRL_2024_05_06_163028.pdf','venta',1),
(328,'2024-05-06 19:32:37',42,'AGRONASAJASRL_2024_05_06_193237.pdf','venta',1),
(330,'2024-05-09 09:53:06',28,'LAUTAROTETAMUSA_2024_05_09_095306.pdf','consignacion',1),
(331,'2024-05-09 09:53:32',28,'LAUTAROTETAMUSA_2024_05_09_095332.pdf','devolucion',1),
(332,'2024-05-09 10:05:34',28,'LAUTAROTETAMUSA_2024_05_09_100534.pdf','ventaConsignacion',1),
(334,'2024-05-24 14:04:15',42,'AGRONASAJASRL_2024_05_24_140415.pdf','venta',1),
(335,'2024-05-24 14:51:10',42,'AGRONASAJASRL_2024_05_24_145110.pdf','venta',1),
(363,'2024-05-24 17:48:17',42,'AGRONASAJASRL_2024_05_24_174817.pdf','venta',1),
(364,'2024-05-24 17:53:27',42,'AGRONASAJASRL_2024_05_24_175327.pdf','venta',1),
(365,'2024-05-24 17:54:32',42,'AGRONASAJASRL_2024_05_24_175432.pdf','venta',1),
(366,'2024-05-24 17:54:59',42,'AGRONASAJASRL_2024_05_24_175459.pdf','venta',1),
(367,'2024-05-24 17:55:48',42,'AGRONASAJASRL_2024_05_24_175548.pdf','venta',1),
(368,'2024-05-24 17:56:24',42,'AGRONASAJASRL_2024_05_24_175624.pdf','venta',1),
(392,'2024-05-24 19:17:16',28,'LAUTAROTETAMUSA_2024_05_24_191716.pdf','consignacion',1),
(394,'2024-05-24 19:17:53',28,'LAUTAROTETAMUSA_2024_05_24_191753.pdf','consignacion',1),
(395,'2024-05-24 19:21:13',28,'LAUTAROTETAMUSA_2024_05_24_192113.pdf','consignacion',1),
(427,'2024-06-04 04:01:09',42,'AGRONASAJASRL_2024_06_04_040109.pdf','venta',1),
(428,'2024-06-04 04:49:32',42,'AGRONASAJASRL_2024_06_04_044932.pdf','venta',1),
(429,'2024-06-04 04:58:10',42,'AGRONASAJASRL_2024_06_04_045810.pdf','venta',1),
(430,'2024-06-04 04:58:39',42,'AGRONASAJASRL_2024_06_04_045839.pdf','venta',1),
(431,'2024-06-04 05:00:18',42,'AGRONASAJASRL_2024_06_04_050018.pdf','venta',1),
(435,'2024-06-04 05:18:01',42,'AGRONASAJASRL_2024_06_04_051801.pdf','venta',23),
(436,'2024-06-04 05:22:46',42,'AGRONASAJASRL_2024_06_04_052246.pdf','venta',23),
(437,'2024-06-04 05:22:55',42,'AGRONASAJASRL_2024_06_04_052255.pdf','venta',23),
(440,'2024-06-24 22:28:46',42,'AGRONASAJASRL_2024_06_24_222846.pdf','venta',23),
(441,'2024-06-24 22:54:34',42,'AGRONASAJASRL_2024_06_24_225434.pdf','venta',23),
(442,'2024-06-24 22:54:57',42,'AGRONASAJASRL_2024_06_24_225457.pdf','venta',23),
(443,'2024-06-24 23:06:40',42,'AGRONASAJASRL_2024_06_24_230640.pdf','venta',1),
(444,'2024-06-24 23:07:46',42,'AGRONASAJASRL_2024_06_24_230746.pdf','consignacion',1),
(445,'2024-06-24 23:22:30',42,'AGRONASAJASRL_2024_06_24_232230.pdf','consignacion',1),
(446,'2024-06-26 11:49:16',42,'AGRONASAJASRL_2024_06_26_114916.pdf','consignacion',1),
(447,'2024-06-26 11:49:40',42,'AGRONASAJASRL_2024_06_26_114940.pdf','consignacion',1),
(448,'2024-06-26 11:50:35',42,'AGRONASAJASRL_2024_06_26_115035.pdf','consignacion',1),
(449,'2024-06-26 11:53:37',42,'AGRONASAJASRL_2024_06_26_115337.pdf','consignacion',1),
(450,'2024-06-26 11:56:06',42,'AGRONASAJASRL_2024_06_26_115606.pdf','consignacion',1),
(451,'2024-06-26 11:56:39',42,'AGRONASAJASRL_2024_06_26_115639.pdf','consignacion',1),
(452,'2024-06-26 12:01:46',42,'AGRONASAJASRL_2024_06_26_120146.pdf','consignacion',1),
(453,'2024-06-26 12:02:30',42,'AGRONASAJASRL_2024_06_26_120230.pdf','consignacion',1),
(454,'2024-06-26 12:02:45',42,'AGRONASAJASRL_2024_06_26_120245.pdf','consignacion',1),
(455,'2024-06-26 12:14:49',42,'AGRONASAJASRL_2024_06_26_121449.pdf','consignacion',1),
(456,'2024-06-26 12:15:32',42,'AGRONASAJASRL_2024_06_26_121532.pdf','consignacion',1),
(457,'2024-06-26 12:19:00',42,'AGRONASAJASRL_2024_06_26_121900.pdf','consignacion',1),
(458,'2024-06-26 12:51:39',42,'AGRONASAJASRL_2024_06_26_125139.pdf','consignacion',1),
(459,'2024-06-26 12:51:57',42,'AGRONASAJASRL_2024_06_26_125157.pdf','consignacion',1),
(466,'2024-06-26 12:57:27',42,'AGRONASAJASRL_2024_06_26_125727.pdf','venta',1),
(467,'2024-06-26 13:01:34',42,'AGRONASAJASRL_2024_06_26_130134.pdf','consignacion',1),
(468,'2024-06-26 13:29:22',42,'AGRONASAJASRL_2024_06_26_132922.pdf','consignacion',1),
(469,'2024-06-26 13:29:30',42,'AGRONASAJASRL_2024_06_26_132930.pdf','venta',1),
(476,'2024-07-02 16:19:57',42,'AGRONASAJASRL_2024_07_02_161957.pdf','venta',1),
(477,'2024-07-02 16:21:46',42,'AGRONASAJASRL_2024_07_02_162146.pdf','venta',1),
(478,'2024-07-02 16:36:08',42,'AGRONASAJASRL_2024_07_02_163608.pdf','venta',1),
(479,'2024-07-02 16:36:20',42,'AGRONASAJASRL_2024_07_02_163620.pdf','venta',1),
(484,'2024-07-02 16:41:13',28,'LAUTAROTETAMUSA_2024_07_02_164113.pdf','venta',23),
(495,'2024-07-12 16:29:50',42,'AGRONASAJASRL_2024_07_12_162950.pdf','consignacion',1),
(498,'2024-07-12 16:39:46',42,'AGRONASAJASRL_2024_07_12_163946.pdf','consignacion',1),
(505,'2024-07-12 16:46:59',42,'AGRONASAJASRL_2024_07_12_164659.pdf','consignacion',1),
(507,'2024-07-12 16:47:37',42,'AGRONASAJASRL_2024_07_12_164737.pdf','consignacion',1),
(510,'2024-07-12 16:48:55',42,'AGRONASAJASRL_2024_07_12_164855.pdf','consignacion',1),
(514,'2024-07-12 16:51:41',42,'AGRONASAJASRL_2024_07_12_165141.pdf','consignacion',1),
(516,'2024-07-12 16:52:24',42,'AGRONASAJASRL_2024_07_12_165224.pdf','consignacion',1),
(519,'2024-07-12 16:55:26',42,'AGRONASAJASRL_2024_07_12_165526.pdf','consignacion',1),
(522,'2024-07-12 16:58:58',42,'AGRONASAJASRL_2024_07_12_165858.pdf','consignacion',1),
(566,'2024-07-14 02:15:03',42,'AGRONASAJASRL_2024_07_14_021503.pdf','venta',23),
(567,'2024-07-14 02:15:57',42,'AGRONASAJASRL_2024_07_14_021557.pdf','venta',23),
(568,'2024-07-14 02:19:06',42,'AGRONASAJASRL_2024_07_14_021906.pdf','consignacion',23),
(570,'2024-07-14 02:26:23',42,'AGRONASAJASRL_2024_07_14_022623.pdf','ventaConsignacion',23),
(571,'2024-07-14 02:27:21',42,'AGRONASAJASRL_2024_07_14_022721.pdf','consignacion',23),
(572,'2024-07-14 02:27:28',42,'AGRONASAJASRL_2024_07_14_022728.pdf','ventaConsignacion',23),
(573,'2024-07-14 02:49:40',42,'AGRONASAJASRL_2024_07_14_024940.pdf','consignacion',23),
(574,'2024-07-14 05:21:53',42,'AGRONASAJASRL_2024_07_14_052153.pdf','consignacion',23),
(575,'2024-07-14 05:34:04',42,'AGRONASAJASRL_2024_07_14_053404.pdf','consignacion',23),
(576,'2024-07-14 05:44:30',42,'AGRONASAJASRL_2024_07_14_054430.pdf','consignacion',1),
(577,'2024-07-14 05:45:52',42,'AGRONASAJASRL_2024_07_14_054552.pdf','consignacion',1),
(578,'2024-07-14 10:49:06',42,'AGRONASAJASRL_2024_07_14_104906.pdf','consignacion',1),
(579,'2024-07-14 10:52:17',42,'AGRONASAJASRL_2024_07_14_105217.pdf','consignacion',1),
(580,'2024-07-14 11:02:01',42,'AGRONASAJASRL_2024_07_14_110201.pdf','consignacion',1),
(621,'2024-07-25 10:39:37',42,'AGRONASAJASRL_2024_07_25_103937.pdf','consignacion',1),
(625,'2024-07-25 13:41:23',42,'AGRONASAJASRL_2024_07_25_134123.pdf','consignacion',1),
(626,'2024-07-25 13:41:23',42,'AGRONASAJASRL_2024_07_25_134123.pdf','ventaConsignacion',1),
(627,'2024-07-25 13:41:25',1,'CONSUMIDORFINAL_2024_07_25_134125.pdf','venta',1);
/*!40000 ALTER TABLE `transacciones` ENABLE KEYS */;
UNLOCK TABLES;

--
-- Table structure for table `users`
--

DROP TABLE IF EXISTS `users`;
/*!40101 SET @saved_cs_client     = @@character_set_client */;
/*!40101 SET character_set_client = utf8 */;
CREATE TABLE `users` (
  `id` int(11) NOT NULL AUTO_INCREMENT,
  `username` varchar(25) NOT NULL,
  `password` binary(60) NOT NULL,
  `cuit` varchar(15) NOT NULL,
  `cond_fiscal` varchar(50) NOT NULL,
  `razon_social` varchar(255) NOT NULL,
  `domicilio` varchar(100) NOT NULL,
  `production` tinyint(1) DEFAULT 0,
  `email` varchar(255) DEFAULT '',
  `ingresos_brutos` tinyint(1) NOT NULL DEFAULT 0,
  `fecha_inicio` char(10) NOT NULL,
  PRIMARY KEY (`id`)
) ENGINE=InnoDB AUTO_INCREMENT=45 DEFAULT CHARSET=utf8mb4 COLLATE=utf8mb4_general_ci;
/*!40101 SET character_set_client = @saved_cs_client */;

--
-- Dumping data for table `users`
--

LOCK TABLES `users` WRITE;
/*!40000 ALTER TABLE `users` DISABLE KEYS */;
INSERT INTO `users` VALUES
(1,'teti','$2b$10$VJTcN/./VCEOYQgnfCXebOItX9Ky/iz3nHOMvqOZNMW00BsOy5oz6','20434919798',' - ','LAUTARO TETA MUSA','URQUIZA 1159 Piso:4 Dpto:4 - ROSARIO NORTE SANTA FE',0,'',0,'01/10/2021'),
(23,'admin','$2b$10$NKL/PmGA1aXGEfalHYGA7OVRUMxmveMeaAaop.eLEF/idptD/GdyO','27249804024','IVA EXENTO','MARIA CAROLINA MUSA','URQUIZA 1159 Piso:4 Dpto:4 - ROSARIO NORTE SANTA FE',1,'info@librosilvestres.com',1,'01/01/2021'),
(44,'martinpdisalvo','$2b$10$1qjXOsregmYZp7WoNFeBE.aFSXeZpSswcD2DSzPA5dMuUaVURgYgq','20173080329',' - ','CARLOS FABIAN GALASSI','FALCON 58 - SAN NICOLAS - BUENOS AIRES',0,'lauti@gmail.com',0,'01/11/2013');
/*!40000 ALTER TABLE `users` ENABLE KEYS */;
UNLOCK TABLES;

--
-- Table structure for table `ventas`
--

DROP TABLE IF EXISTS `ventas`;
/*!40101 SET @saved_cs_client     = @@character_set_client */;
/*!40101 SET character_set_client = utf8 */;
CREATE TABLE `ventas` (
  `descuento` float DEFAULT 0,
  `total` float NOT NULL,
  `medio_pago` enum('efectivo','debito','credito','mercadopago','transferencia') DEFAULT NULL,
  `tipo_cbte` int(11) NOT NULL,
  `id_transaccion` int(11) NOT NULL,
  PRIMARY KEY (`id_transaccion`),
  CONSTRAINT `ventas_ibfk_3` FOREIGN KEY (`id_transaccion`) REFERENCES `transacciones` (`id`)
) ENGINE=InnoDB DEFAULT CHARSET=utf8mb4 COLLATE=utf8mb4_general_ci;
/*!40101 SET character_set_client = @saved_cs_client */;

--
-- Dumping data for table `ventas`
--

LOCK TABLES `ventas` WRITE;
/*!40000 ALTER TABLE `ventas` DISABLE KEYS */;
INSERT INTO `ventas` VALUES
(0,20000,'debito',11,25),
(0,20000,'efectivo',11,35),
(0,20000,'efectivo',11,36),
(0,20000,'efectivo',11,37),
(1,247500,'mercadopago',11,38),
(0,20000,'efectivo',11,39),
(0,10000,'mercadopago',11,40),
(0,10000,'credito',11,41),
(0,10000,'efectivo',11,42),
(0,20000,'efectivo',11,43),
(3,9700,'debito',11,44),
(0,20000,'credito',11,45),
(0,10000,'transferencia',11,46),
(50,5000,'efectivo',11,47),
(10,45000,'transferencia',11,48),
(10,0,'transferencia',11,49),
(0,10000,'transferencia',11,50),
(50,50000,'mercadopago',11,51),
(0,0,'efectivo',11,52),
(0,0,'efectivo',11,53),
(0,0,'efectivo',11,54),
(0,40000,'efectivo',11,55),
(0,90000,'efectivo',11,56),
(0,20000,'efectivo',11,57),
(0,20000,'efectivo',11,58),
(0,60000,'efectivo',11,59),
(0,60000,'efectivo',11,60),
(0,60000,'efectivo',11,61),
(0,60000,'efectivo',11,62),
(0,60000,'efectivo',11,63),
(0,60000,'efectivo',11,64),
(0,30000,'efectivo',11,65),
(10,18000,'efectivo',11,66),
(10,18,'efectivo',11,67),
(0,60000,'efectivo',11,68),
(0,60000,'efectivo',11,69),
(0,60000,'efectivo',11,70),
(0,60000,'efectivo',11,71),
(0,60000,'efectivo',11,72),
(0,60000,'efectivo',11,73),
(0,60000,'efectivo',11,74),
(0,60000,'efectivo',11,75),
(0,60000,'efectivo',11,76),
(0,60000,'efectivo',11,77),
(0,60000,'efectivo',11,78),
(0,60000,'efectivo',11,79),
(0,60000,'efectivo',11,80),
(0,60000,'efectivo',11,81),
(0,60000,'efectivo',11,82),
(0,60000,'efectivo',11,83),
(0,60000,'efectivo',11,84),
(0,80000,'efectivo',11,85),
(0,80000,'efectivo',11,86),
(0,80000,'efectivo',11,87),
(0,80000,'efectivo',11,88),
(0,80000,'efectivo',11,89),
(0,80000,'efectivo',11,90),
(0,80000,'efectivo',11,91),
(0,80000,'efectivo',11,92),
(0,80000,'efectivo',11,93),
(0,80000,'efectivo',11,94),
(0,80000,'efectivo',11,95),
(0,80000,'efectivo',11,96),
(0,80000,'efectivo',11,97),
(0,80000,'efectivo',11,98),
(0,80000,'efectivo',11,99),
(0,80000,'efectivo',11,100),
(0,80000,'efectivo',11,101),
(0,80000,'efectivo',11,102),
(0,80000,'efectivo',11,103),
(0,80000,'efectivo',11,104),
(0,80000,'efectivo',11,105),
(0,80000,'efectivo',11,106),
(0,80000,'efectivo',11,107),
(0,80000,'efectivo',11,108),
(0,80000,'efectivo',11,109),
(0,80000,'efectivo',11,110),
(0,80000,'efectivo',11,111),
(0,80000,'efectivo',11,112),
(0,80000,'efectivo',11,113),
(0,80000,'efectivo',11,114),
(0,80000,'efectivo',11,115),
(0,80000,'efectivo',11,116),
(0,80000,'efectivo',11,117),
(0,80000,'efectivo',11,118),
(0,80000,'efectivo',11,119),
(0,80000,'efectivo',11,120),
(0,80000,'efectivo',11,121),
(0,80000,'efectivo',11,122),
(0,80000,'efectivo',11,123),
(0,80000,'efectivo',11,124),
(0,80000,'efectivo',11,125),
(0,80000,'efectivo',11,126),
(0,80000,'efectivo',44,127),
(0,80000,'efectivo',1,128),
(0,80000,'efectivo',1,129),
(0,80000,'efectivo',11,130),
(0,80000,'efectivo',11,131),
(0,80000,'efectivo',11,132),
(0,80000,'efectivo',11,133),
(0,80000,'efectivo',11,134),
(0,80000,'efectivo',11,135),
(0,22000,'efectivo',11,136),
(0,22000,'efectivo',11,137),
(0,22000,'efectivo',11,138),
(0,22000,'efectivo',11,139),
(0,22000,'efectivo',11,140),
(0,22000,'efectivo',1,141),
(0,22000,'efectivo',6,142),
(0,22000,'efectivo',51,143),
(0,22000,'efectivo',6,144),
(0,22000,'efectivo',11,145),
(0,22000,'efectivo',11,146),
(0,22000,'efectivo',11,147),
(0,22000,'efectivo',11,148),
(0,22000,'efectivo',11,149),
(0,22000,'efectivo',11,150),
(0,22000,'efectivo',11,151),
(0,22000,'efectivo',11,152),
(0,22000,'efectivo',11,153),
(0,22000,'efectivo',11,294),
(0,22000,'efectivo',11,295),
(0,22000,'efectivo',11,299),
(0,22000,'efectivo',11,301),
(0,181500,'efectivo',11,302),
(0,93500,'efectivo',11,328),
(0,11000,'efectivo',11,334),
(0,11000,'efectivo',11,335),
(0,8250,'efectivo',11,363),
(0,8250,'efectivo',11,364),
(0,8250,'efectivo',11,365),
(0,8250,'efectivo',11,366),
(0,8250,'efectivo',11,367),
(0,8250,'efectivo',11,368),
(0,7800,'efectivo',11,427),
(0,7800,'efectivo',11,428),
(0,7800,'efectivo',11,429),
(0,7800,'efectivo',11,430),
(0,7800,'efectivo',11,431),
(0,7500,'efectivo',11,435),
(0,3,'efectivo',11,436),
(0,3,'efectivo',11,437),
(0,3,'efectivo',11,440),
(0,3,'efectivo',11,441),
(0,3,'efectivo',11,442),
(0,7500,'efectivo',11,443),
(0,7500,'efectivo',11,466),
(0,7500,'efectivo',11,469),
(0,7500,'efectivo',11,476),
(0,7500,'efectivo',11,477),
(0,7500,'efectivo',11,478),
(0,7500,'efectivo',11,479),
(0,1,'efectivo',11,484),
(0,1,'efectivo',11,566),
(0,1,'efectivo',11,567),
(0,1,'efectivo',11,570),
(0,1,'efectivo',11,572),
(0,451100,'efectivo',11,626),
(0,247800,'efectivo',11,627);
/*!40000 ALTER TABLE `ventas` ENABLE KEYS */;
UNLOCK TABLES;
/*!40103 SET TIME_ZONE=@OLD_TIME_ZONE */;

/*!40101 SET SQL_MODE=@OLD_SQL_MODE */;
/*!40014 SET FOREIGN_KEY_CHECKS=@OLD_FOREIGN_KEY_CHECKS */;
/*!40014 SET UNIQUE_CHECKS=@OLD_UNIQUE_CHECKS */;
/*!40101 SET CHARACTER_SET_CLIENT=@OLD_CHARACTER_SET_CLIENT */;
/*!40101 SET CHARACTER_SET_RESULTS=@OLD_CHARACTER_SET_RESULTS */;
/*!40101 SET COLLATION_CONNECTION=@OLD_COLLATION_CONNECTION */;
/*!40111 SET SQL_NOTES=@OLD_SQL_NOTES */;

-- Dump completed on 2024-07-25 14:50:15
